Informant,response mantel 8.4,Comments
NY1,mantel,
NY1,mantelpiece,
NY2A,mantelpiece,
NY2B,mantel,
NY2B,mantelpiece,
NY2C,mantel,
NY2C,mantelpiece,
NY3A,mantel,
NY3B,mantelpiece,
NY3C,mantel,
NY3D,mantelpiece,
NY4A,mantelpiece,
NY4B,mantel,occasionally
NY4B,shelf,
NY4C,mantelpiece,
NY5A,mantelpiece,
NY5A,lambrequin,draped over the mantel
NY5B,mantelpiece,
NY5C,mantel,
NY5D,mantelpiece,
NY5E,mantelpiece,
NY5F,mantelpiece,
NY5G,mantel,
NY5H!,mantel,
NY5I!,mantelpiece,
NY6A,mantelpiece,
NY6B,mantel,
NY7A,mantelpiece,
NY7B,mantelpiece,
NY7C,mantelpiece,
NY7D,mantel,
NY7E,mantelpiece,
NY7F,mantel,
NY7G,mantelpiece,
NY7H,mantel,
NY7I,mantel,
NY7J!,mantel,
NY7K!,mantel,
NY7L!,mantelpiece,
NY7M!,mantelpiece,
NY8,mantel,
NY8,shelf,
NY9A,mantel,
NY9B,mantel,
NY9C,mantel,
NY10A,mantel,
NY10B!,mantel,
NY11,mantel,
NY12A,mantel,
NY12A,shelf,
NY12A,shelf,
NY12A,mantelshelf,
NY12B,mantel,
NY12C!,mantel,
NY13A,mantel,
NY13B!,mantelpiece,
NY14A,mantel,
NY14B,mantel,
NY15A,mantelpiece,
NY15B,mantel,
NY16A,mantelpiece,
NY16B,mantel,
NY17A,mantel,
NY17A,mantelpiece,
NY17B,mantel,
NY18A,manteltree shelf,
NY18B,mantel,
NY18B,shelf,
NY18C!,mantel,
NY19,mantel,
NY20A,mantelpiece,
NY20B,mantel,
NY21,shelf,
NY21,clock shelf,
NY22,mantel,
NY23A,shelf,
NY23A,clock shelf,
NY23B,mantelpiece,
NY23B,clock,"wooden gear, iron weight"
NY23C,mantel,with each fireplace
NY23C,shelves,even if no fireplace
NY24A,mantelpiece,
NY24A,mantel,
NY24A,mantelshelf,
NY24B!,shelf,
NY25A,shelf,
NY25A,clock shelf,
NY25B,mantel,
NY25B,shelf,
NY26A,shelf,for a clock
NY26B,mantel,
NY26B,mantelshelf,
NY26C,mantel,
NY27A,shelf,
NY27B,shelf,
NY27C,mantel,
NY28A,shelf,
NY28B,wooden mantel,
NY28C,shelf,
NY29A,shelf,
NY29A,clock shelf,
NY29B,mantel,
NY29B,shelf,
NY29C,mantel,over fireplace
NY29C,clock shelf,
NY29C,almanac,
NY30A,mantel,
NY30A,clock shelf,
NY30B,mantelpiece,
NY30C,mantel,later than shelf
NY30C,shelf,in kitchen
NY30D,shelf,
NY30D,clock shelf,
NY30E,mantel,
NY30E,shelf,in kitchen
NY30E,clock shelf,in kitchen
NY31A,mantel,
NY31A,shelf,
NY31B,mantel,
NY31B,clock shelf,
NY32A,mantel,
NY32A,clock shelf,
NY32B,mantel,clock in recess in wall
NY33A,mantel,
NY33A,shelf,for kitchen clock
NY33B,mantel,
NY33C,mantel,
NY34A,mantel,
NY34A,shelf,in house
NY34B,mantel,
NY34C,mantel,
NY34C,shelf,
NY34D!,mantelpiece,
NY35A,mantelpiece,
NY35B,mantel,
NY35C!,mantel,
NY36A,mantelshelf,
NY36B,mantel,
NY37A,mantel,
NY37B,mantelpiece,
NY37C!,mantel,
NY38A,mantel,
NY38B,mantel,
NY38C,mantel,
NY39A,mantelpiece,
NY39B,mantel,
NY40A,mantel,
NY40B,mantel,
NY41,mantel,
NY42A,mantel,
NY42A,shelf,
NY42B,mantel,
NY43A,clock shelf,no fireplace
NY43B,mantelpiece,
NY43B,clock shelf,
NY43C!,mantel,
NY44A,mantel,
NY44B,shelf,
NY45A,shelf,
NY45B,mantel,
NY45B,shelf,
NY45C,mantel,2-inch plank with corners
NY45D!,shelf,
NY46A,shelf,
NY46A,clock shelf,
NY46B,shelf,
NY46C,mantel,
NY47A,mantel,
NY47A,shelf,in kitchen for clock
NY47A,mantel,
NY47B,mantel,
NY48A,mantel,
NY48A,shelf,
NY48A,clock,
NY48B,mantelpiece,
NY48B,clock,
NY48C,mantel,
NY48D,mantel,
NY49A,shelf,
NY49B,shelf,
NY49C,mantel,
NY49D,mantel,
NY50A,shelf,over fireplace
NY50A,shelf,over fireplace; [ɫ]: strongly velarized
NY50B,mantel,
NY51A,mantel,
NY51A,mantelpiece,
NY51A,mantelshelf,
NY51A,clock shelf,
NY51B,shelf,
NY51C,shelf,
NY51C,clock shelf,
NY51D,clock shelf,on brackets
NY51D,mantel,over fireplace
NY51E!,mantel,
NY52A,shelf,
NY52A,clock shelf,
NY52B,mantels,
NY52B,shelf,
NY52C,mantel,
NY53A,clock shelf,wooden
NY53B!,mantel,
NY53B!,mantelpiece,
NY54A,mantel,
NY54B,mantel,
NY55A,mantel,could have without fireplace
NY55A,mantelshelf,for clock
NY55A,shelf,could be over fireplace
NY55B,shelf,
NY55B,clock shelf,
NY56A,mantel,
NY56A,shelf,
NY56B,shelf,
NY57A,shelf,
NY57A,bookshelf,
NY57A,bookcase,
NY57B,mantel,
NY57B,mantelshelf,
NY57C!,mantel,
NY57C!,clock shelf,
NY58A,mantel,
NY58A,shelf,
NY58B,mantel,
NY58B,shelf,
NY58C,mantel,
NY58C,clock shelf,in kitchen
NY58D!,mantel,
NY58E!,mantel,
NY58E!,mantelpiece,
NY58E!,mantelpiece,
NY58F!,mantel,
NY58F!,mantelshelf,
NY59A,mantel,
NY59A,shelf,
NY59A,clock shelf,
NY59B,mantel,
NY60A,mantel,
NY60A,clock shelf,in kitchen
NY60A,clock shelf,in kitchen
NY60A,shelf,
NY60B!,mantel,
NY61A,mantel,
NY61A,shelf,in old house; kitchen; clock
NY61B,mantel,
NY61B,shelf,in old kitchen
NY62A,mantelshelf,over fireplace
NY62A,mantel,without fireplace
NY62B,mantel,later than shelf
NY62B,shelf,in kitchen
NY62C,mantelshelf,
NY62C,mantelshelf,
NY62D!,mantel,
NY63A,clock shelf,
NY63B,mantel,
NY63B,shelf,in kitchen for clock
NY63C,mantel,
NY63D!,mantel,
NY63D!,lamp shelf,
NY64A,mantels,
NY64B,little shelf,
NY64B,fireboard,to block fireplaces
NY64C!,mantel,
NJ1A,mantelpiece,
NJ1B,mantel,
NJ2A,mantelpiece,
NJ2A,mantelpiece,
NJ2B,mantel,
NJ3A,mantelpiece,
NJ3B,mantel,
NJ4A,mantelpiece,
NJ4B,mantel,
NJ5A,mantelpiece,
NJ5B,mantelpiece,
NJ6A,mantelpiece,
NJ6B,mantelshelf,
NJ7A,mantelpiece,
NJ7B!,mantelpiece,
NJ8A,mantel,not used
NJ8A,shelf,
NJ8B,mantel,
NJ9A,mantelpiece,
NJ9B,mantelpiece,
NJ10A,mantelpiece,
NJ10B,mantelpiece,
NJ10C,mantel,
NJ10D!,mantel,
NJ10D!,shelf,
NJ11A,mantelpiece,
NJ11B,mantelpiece,
NJ11C,mantel,
NJ11C,mantelpiece,
NJ12A,mantelpiece,
NJ12B,mantel,
NJ13A,mantelshelf,
NJ13B,mantel,
NJ14A,mantel,
NJ14A,clock shelf,
NJ14B,mantel,
NJ15A,mantel,
NJ15B,mantel,
NJ16A,mantel,
NJ16A,shelf,
NJ16B,mantelpiece,
NJ16B,shelf,
NJ17A,mantel,
NJ17B,mantelpiece,
NJ17B,shelf,
NJ18A,mantelpiece,
NJ18B,mantel,
NJ18C!,mantel,
NJ18D!,mantel,
NJ19A,mantel,
NJ19B!,mantel,
NJ20A,mantel,
NJ20B,mantelpiece,
NJ21A,mantelpiece,
NJ21B,mantelpiece,
PA1A,mantel,
PA1B,mantel,
PA1C,mantel,
PA1C,mantelpiece,
PA1C,mantelshelf,
PA1D,mantelpiece,
PA1E!,mantel,
PA1F!,mantelpiece,
PA1G!,mantel,
PA1H!,mantelpiece,
PA2A,mantel,
PA2B,mantelpiece,
PA3A,mantel,
PA3B,mantel,
PA3C,mantelpiece,
PA4A,mantelpiece,
PA4B!,mantel,
PA5A,mantelpiece,
PA5B,mantel,
PA5B,shelf,
PA5C,mantelpiece,
PA5D,mantel,
PA5E!,mantel,
PA6A,mantel,
PA6A,shelf,
PA6B,mantel,
PA6B,mantelpiece,
PA6C,mantel,
PA6D!,mantel,
PA6D!,mantelshelf,
PA7A,mantel,
PA7B,mantel,
PA7C,mantel,
PA7D!,mantelpiece,
PA8A,mantelpiece,
PA8A,mantelboard,
PA8B,mantel,
PA8B,shelf,
PA8C,mantelpiece,
PA8D!,mantelpiece,
PA9A,mantelpiece,"""Dutch”"
PA9A,mantelpiece,"""English”"
PA9B,mantel,
PA9B,shelf,
PA9C!,mantel,
PA9C!,mantelpiece,
PA10,mantel,
PA11A,mantel,
PA11B,shelf,
PA11B,clock shelf,
PA12A,mantelshelf,
PA12B,mantel,
PA13A,mantel,
PA13B,mantel,
PA14A,mantelshelf,
PA14B,mantel,
PA14C,mantel,
PA15A,shelf,
PA15A,mantelshelf,
PA15B,mantel,
PA15C!,mantel,
PA16A,mantel,
PA16A,shelf,
PA16B,mantel,
PA16C,mantel,
PA17A,mantel,
PA17A,shelf,
PA17B,mantel,
PA17B,shelf,
PA18A,mantel,
PA18B!,mantel,
PA19A,mantelpiece,
PA19B,mantel,
PA20A,mantelpiece,
PA20B,mantel,
PA21A,mantel,
PA21B,mantel,
PA22A,mantel,
PA22A,shelf,
PA22B,mantel,
PA23A,mantel,
PA23B,mantel,
PA24A,mantel,
PA24A,mantelpiece,
PA24B,mantel,
PA25A,mantelpiece,
PA25B,mantel,
PA25B,shelf,
PA26A,broad shelf,
PA26A,mantelshelf,
PA26B,mantel,
PA27A,mantelpiece,
PA27B,mantel,
PA28A,mantel,
PA28B!,mantel,
PA29A,mantel,
PA29B,mantel,
PA30A,mantelshelf,
PA30B,mantel,
PA31A,mantel,
PA31B,mantel,
PA32A,mantel,
PA32B,NR,
PA33A,mantel,
PA33B,mantel,
PA34A,shelf,
PA34A,mantelpiece,
PA34B,mantel,
PA34C!,mantel,
PA34C!,mantelpiece,
PA35A,mantel,
PA35B,mantel,
PA35C,mantel,
PA36A,mantel,
PA36B,mantel,
PA37A,mantelpiece,
PA37B,shelf,
PA37C,shelf,
PA38A,mantel,
PA38B,mantel,
PA39A,mantel,
PA39B,mantel,
PA40A,mantel,
PA40B,mantel,
PA41A,shelf,
PA41B,mantelpiece,
PA42A,mantel,
PA42B,mantelpiece,
PA43A,mantelpiece,
PA43B,mantel,
PA44A,mantel,
PA44B,mantel,
PA45A,mantel,
PA45B,mantel,
PA46A,mantel,
PA46B,mantel,
PA47A,mantelpiece,
PA47B,mantel,
PA48A,mantel,
PA48B,mantel,
PA48C,mantel,
PA49A,mantel,
PA49A,shelf,
PA49B,mantel,
PA50A,mantel,
PA50B,mantel,
PA50C!,mantel,
PA51A,mantel,
PA51B,mantel,
PA52A,mantel,
PA52B!,mantel,
PA53A,mantel,
PA53B,mantelpiece,
PA54A,mantel,
PA54B,mantel,
PA55A,mantel,
PA55B,mantel,
PA56A,mantel,usually
PA56A,shelf,
PA56A,mantel,
PA56B,mantel,
PA57A,mantel,
PA57B,mantel,
PA58A,mantel,
PA58B,mantel,
PA59A,mantel,
PA59B,mantel,
PA60A,mantel,
PA60B,mantel,
PA61A,mantel,
PA61B,mantel,
PA62A,mantel,
PA62B,mantel,
PA63A,mantelpiece,
PA63B,mantel,
PA64A,mantel,
PA64B,mantel,
PA65A,mantelshelf,
PA65B,mantel,
PA66A,mantel,
PA66B,mantel,obsolete
PA67A,mantelpiece,
PA67A,shelf,
PA67B,mantel,
WV1!,mantel,
WV1!,mantelpiece,
WV2,mantel,
WV3,mantel,
WV4A,fireboard,
WV4B,mantel,
WV4B,shelf,
WV5,mantel,
WV6A,fireboard,
WV6B,mantel,
WV7A,mantelboard,
WV7A,fireboard,
WV7B,mantelboard,
WV8A,fireboard,
WV8B,mantelpiece,
WV9A,mantelboard,
WV9B,mantel,
WV10A,mantelpiece,
WV10B,mantel,
WV10C,mantel,
WV11A,mantel,
WV11B!,mantel,
WV12A,mantel,
WV12B,mantel,
WV13A,mantel,
WV13A,shelf,
WV13B,mantel,
WV14A,mantel,
WV14B,mantel,
WV15A,mantel,
WV15B,mantel,
WV16A,fireboard,
WV16B,mantel,
WV17A,mantelboard,
WV17B,mantel,
WV17C,mantelpiece,
WV18A,mantel,
WV18B,mantel,
WV19A,fireboard,
WV19B,mantel,
WV20A,NR,
WV20B,mantel,
WV20B,fireboard,
WV21A,fireboard,
WV21B,fireboard,
WV22A,fireboard,
WV22B,mantel,
WV23A,mantel,
WV23B,mantel,
WV24A,mantel,
WV24A,fireboard,
WV24B,NR,
WV25A,fireboard,
WV25B,mantel,
WV26A,mantel,
WV26A,fireboard,
WV26B,mantel,
WV27A,mantelboard,
WV27B,fireboard,
WV28A,mantel,
WV28A,fireboard,
WV28B,mantel,
WV29A,mantel,
WV29A,fireboard,
WV29B,mantel,
WV30A,fireboard,
WV30B,mantel,
WV30B,fireboard,
WV31A,fireboard,
WV31B,mantel,
WV32A,fireboard,
WV32B,fireboard,
WV33A,fireboard,
WV33B,mantel,
WV34A,mantel,
WV34B,mantelboard,
WV35A,mantel,
WV35B,mantel,
WV36A,fireboard,
WV36B,mantel,
WV37A,mantel,
WV37B!,mantel,
WV38A,mantel,
WV38A,mantelboard,
WV38A,fireboard,
WV38B,mantel,
WV38B,fireboard,
WV39A,mantelpiece,
WV39B,mantel,
WV39C!,mantel,
WV40A,mantel,
WV40A,fireboard,
WV40B,mantelboard,
WV41A,fireboard,
WV41B,fireboard,
WV42A,mantel,
WV42B,fireboard,
WV43A,mantelboard,
WV43B,mantel,
WV44A,mantelboard,
WV44B,mantel,
WV44B,fire mantel,
WV45A,mantelpiece,
WV45B,mantel,
WV46A,mantel,
WV46B,mantel,
WV47A,mantel,
WV47B,mantel,
WV48A,mantel,
WV48B,mantel,
WV48C,mantel,
WV48D,mantel,
WV49A,mantel,
WV49B,mantel,
WV50A,mantel,
WV50B,mantel,
WV51A,mantel,
WV51B,mantel,
WV52A,mantel,
WV52B,mantel,
WV52C!,mantel,
WV53A,mantel,
WV53B,mantel,
WV53C!,mantel,
WV54A,mantel,
WV54B,mantel,
DE1A,mantel,
DE1A,shelf,
DE1B,mantelpiece,
DE1C!,mantelpiece,
DE2A,mantel,
DE2B,mantel,
DE2C,mantel,
DE3A,mantel,
DE3B,mantel,
DE3C!,mantel,
DE4,mantel,
DE5A,mantel,
DE5B,mantel,
DE6A,mantel,
DE6B,mantel,
MD1A,mantelpiece,
MD1B,mantelpiece,
MD2A,mantelpiece,
MD2B,mantel,
MD3A,mantelpiece,
MD3B,mantel,
MD4A,mantel,
MD4B,mantel,
MD4C,mantel,
MD4C,mantelpiece,
MD5A,mantelpiece,
MD5B,mantel,
MD6A,mantel,
MD6A,mantel bit,
MD6B,mantel,
MD7A,mantel,
MD7B,mantel,
MD7C!,mantel,
MD8A,mantel,
MD8B,mantel,
MD9N,mantelpiece,
MD9A,mantel,
MD9A,shelf,
MD9B,mantelpiece,
MD10A,mantelpiece,
MD10B,mantelpiece,
MD11,mantelpiece,
MD12A,mantel,
MD12B,mantelpiece,
MD13A,mantelpiece,
MD13B,mantelpiece,
MD13C,mantelpiece,
MD13D!,mantel,
MD13E!,mantelpiece,
MD13F!,mantelpiece,
MD13G,mantelpiece,
MD14,mantelpiece,
MD15A,mantelpiece,
MD15B,mantel,
MD16,mantelpiece,
MD17A,mantelpiece,
MD17B,mantelpiece,
MD18A,mantelpiece,
MD18B,mantel,
MD19A,mantelpiece,
MD19B,mantel,
MD20A,mantelpiece,
MD20B,mantelpiece,
MD20C!,mantelpiece,
MD21A,mantelpiece,
MD21B,mantel,
MD22N,mantelpiece,
MD22M,mantelpiece,
MD22A,shelf,
MD22A,mantelpiece,
MD22B,mantel,
MD22C!,mantel,
MD23A,mantelpiece,
MD23B,mantelpiece,
MD23C,mantel,
MD24,mantelpiece,
MD25,mantelpiece,
MD26A,mantel,
MD26B,mantelpiece,
MD27A,mantel,
MD27B,mantel,
DC1A,mantel,
DC1B!,mantel,
VA1!,mantel,
VA2A,mantelpiece,
VA2B,mantel,
VA2B,shelf,
VA3A,mantelpiece,
VA3B,mantelpiece,
VA3C,NR,
VA4N,shelf,
VA4N,mantelpiece,
VA5A,mantelpiece,
VA5B,mantelpiece,
VA6A,mantel,
VA6A,shelf,
VA6B,mantel,
VA7A,mantelpiece,
VA7B,mantel,
VA8A,mantelpiece,
VA8B,mantelpiece,
VA8C!,mantelpiece,
VA9A,shelf,
VA9B!,mantelpiece,
VA10A,mantelpiece,
VA10B,mantel,
VA11A,mantelpiece,
VA11B,mantelpiece,
VA12N,mantelpiece,
VA12A,mantelpiece,
VA12B!,mantel,
VA12B!,mantelpiece,
VA13A,mantelpiece,
VA13B,mantel,
VA14A,mantelpiece,
VA14A,shelf,as a child
VA14B,mantel,
VA14B,shelf,
VA14C,mantelpiece,
VA15N,mantelpiece,
VA15N,shelf,
VA15N,in token of a shelf,= the same as [a shelf]
VA15N,mantelpiece,"""in token of a shelf”"
VA15A,mantelpiece,
VA15A,shelf,
VA15B,mantelpiece,
VA16A,mantel,
VA16A,shelf,
VA16B,mantel,
VA17A,mantelpiece,
VA17A,shelf,
VA17B,mantel,
VA18,mantelpiece,
VA19A,shelf,
VA19A,mantelpiece,
VA19B,shelf,
VA19B,mantelpiece,
VA19C!,mantelpiece,
VA20A,mantelpiece,
VA20B,mantel,
VA20C,mantel,
VA21N,shelf,
VA21N,mantelpiece,white people say
VA21A,mantelpiece,
VA21B,mantelpiece,
VA22,mantelpiece,
VA23A,mantelpiece,
VA23A,shelves,
VA23B,mantelpiece,
VA24,mantel,
VA24,shelf,
VA25,shelf,
VA25,shelf,
VA25,shelf,
VA26A,mantel,
VA26B,mantel,
VA26C,mantel,
VA27,mantel,
VA27,mantelpiece,
VA27,shelf,
VA28A,mantel,
VA28B,mantel,
VA29,mantelpiece,
VA29,chimneypiece,
VA30A,mantel,
VA30B!,mantel,
VA30C!,mantelpiece,
VA30D!,mantelpiece,
VA30E!,mantelpiece,
VA31A,mantelpiece,
VA31A,shelf,
VA31A,chimneypiece,
VA31B,mantelpiece,
VA31C,NA,
VA32!,mantelpiece,
VA33A,mantelpiece,
VA33B,mantelpiece,
VA34A,mantelpiece,
VA34A,shelf,
VA34B,mantel,
VA34B,mantelpiece,
VA35A,mantel,
VA35A,shelf,
VA35B,mantel,
VA36A,mantelpiece,
VA36B,mantel,
VA37,mantel,
VA37,shelf,
VA38,mantel,
VA38,mantelpiece,older [than mantel]
VA39!,mantel,
VA40A,shelf,
VA40B,mantel,
VA41A,mantelpiece,
VA41B,mantelpiece,
VA42A,mantelpiece,
VA42A,shelf,
VA42B,mantelpiece,
VA43N,mantelpiece,
VA43A,mantelpiece,
VA43A,shelf,
VA43B,mantelpiece,
VA44A,mantelpiece,
VA44B,mantelpiece,
VA45A,mantelpiece,
VA45B,mantelpiece,
VA46N,mantelpiece,
VA46N,mantelshelf,older [than mantelpiece]
VA46A,mantelpiece,
VA46A,shelf,
VA46B!,mantelpiece,
VA47,mantelpiece,
VA48A,mantelpiece,
VA48A,shelf,
VA48A,mantelpiece,
VA48B,mantel,
VA48B,shelf,
VA49A,mantelpiece,
VA49B,mantelpiece,
VA50A,mantelpiece,
VA50A,shelf,
VA50B,mantel,
VA50B,mantelpiece,
VA51A,mantelpiece,
VA51A,shelf,
VA51B,NA,
VA51C,mantelpiece,
VA52A,mantel,
VA52B,mantel,
VA52C!,mantel,
VA53A,mantelpiece,
VA53B,mantel,
VA54A,mantelpiece,
VA54A,shelf,
VA54B,mantel,
VA55A,mantelpiece,
VA55B,mantelpiece,
VA55B,mantel,
VA56A,shelf,no fireplaces here
VA56B,mantelpiece,
VA56B,fireboard,
VA57A,mantel,
VA57A,mantel,
VA57A,shelf,
VA57B,mantel,
VA57B,mantelpiece,
VA58,shelf,
VA58,mantelpiece,
VA59N,mantelpiece,
VA59N,chimneypiece,
VA59A,mantel,
VA59B!,mantelpiece,
VA60,mantel,
VA60,mantelboard,
VA60,fireboard,
VA61A,mantelpiece,
VA61B!,mantelpiece,
VA61C,NA,
VA62A,shelf,
VA62A,mantelpiece,
VA62A,shelf,
VA62B,mantelpiece,
VA62B,shelf,
VA63A,mantelpiece,
VA63A,fireboard,natural
VA63B,mantelboard,
VA64A,mantelpiece,
VA64A,shelf,natural
VA64B,mantel,
VA65A,mantelpiece,
VA65A,fireboard,
VA65B,mantel,
VA65B,fireboard,
VA65C!,mantel,
VA65C!,chimneypiece,never used
VA66A,mantel,
VA66A,fireboard,
VA66B,mantel,
VA67A,fireboard,
VA67B,mantelpiece,
VA67B,fireboard,
VA68A,mantelpiece,
VA68A,fireboard,
VA68B,mantel,
VA69A,mantel,
VA69B,mantel,
VA70A,mantel,
VA70A,chimneypiece,
VA70A,fireboard,
VA70B,mantel,
VA70B,fireboard,
VA71A,mantel,
VA71A,fireboard,
VA71B,mantel,
VA71B,fireboard,
VA72A,fireboard,
VA72B,fireboard,
VA73,mantel,
VA73,fireboard,
VA74A,mantelpiece,
VA74A,fireboard,
VA74B!,mantel,
VA75A,mantel,
VA75A,fireboard,
VA75B,mantel,
VA75B,fireboard,
NC1,mantelpiece,
NC2A,shelf,
NC2A,mantel,
NC2A,fireboard,vertical enclosings
NC2B,mantel,
NC3A,mantelpiece,
NC3B,mantelpiece,
NC4A,mantel,
NC4A,shelf,
NC4B,mantel,
NC4B,shelf,
NC5A,mantelpiece,
NC5B,mantel,
NC6!,mantel,
NC7A,mantel,
NC7A,frontice,as a child
NC7B,mantelpiece,
NC8N,mantelpiece,
NC8A,frontice,
NC8B,mantelpiece,
NC9A,mantelpiece,
NC9B,mantelpiece,
NC10A,lamp shelf,
NC10A,clock shelf,
NC10B,shelf,
NC10C,shelf,
NC11A,mantelpiece,
NC11B,mantelpiece,
NC12A,shelf,
NC12A,mantel,
NC12A,mantelshelf,
NC12A,mantelpiece,
NC12B,mantel,
NC13A,mantelpiece,
NC13A,chimney cap,
NC13B,mantelpiece,
NC13B,mantel,
NC14N,mantelpiece,
NC14A,mantelboard,
NC14A,fire shelf,
NC14B,mantel,
NC14B,mantelpiece,
NC14C!,mantelpiece,
NC15A,fire shelf,
NC15B,mantel,
NC15C,mantelpiece,
NC16A,fireboard,
NC16A,shelf,some say
NC16A,mantelpiece,
NC16B,mantelpiece,
NC17A,mantelpiece,
NC17B,mantel,
NC17B,mantelpiece,
NC18A,fireboard,
NC18B,mantelpiece,
NC19A,mantelpiece,
NC19A,mantelpiece,natural
NC19B,mantel,
NC19B,mantelpiece,
NC20A,mantelpiece,
NC20A,mantelshelf,
NC20B,mantelpiece,
NC20B,mantelshelf,
NC20C,mantel,
NC20C,clock shelf,
NC21A,mantelpiece,
NC21B,mantelpiece,
NC22A,mantel,
NC22A,mantelpiece,
NC22A,fireboard,
NC22B,mantel,
NC22B,mantelpiece,
NC23A,mantelpiece,
NC23A,fireboard,
NC23B,mantelpiece,
NC23B,fireboard,
NC23C!,mantelpiece,
NC23D!,mantel,
NC23D!,mantelpiece,
NC24N,mantelpiece,
NC24A,mantelboard,
NC24A,fireboard,
NC24B,mantel,
NC25N,mantelpiece,
NC25N,fireboard,
NC25A,mantelpiece,
NC25B,mantelpiece,
NC25B,fireboard,
NC26A,mantelboard,
NC26A,fireboard,
NC26B,mantelpiece,
NC26B,shelf,
NC26C!,mantelpiece,
NC27A,NR,
NC27B,mantel,
NC27B,fireboard,
NC28A,fireboard,
NC28B,fireboard,
NC28C,mantel,
NC28C,fireboard,
NC29A,mantelboard,
NC29A,fireboard,
NC29B,mantelpiece,
NC29B,fireboard,
NC30A,mantelpiece,
NC30B,mantel,
NC31A,mantelpiece,
NC31B,mantel,
NC31B,fire shelf,
NC32A,mantelpiece,
NC32B!,mantel,
NC32B!,mantelpiece,
NC33A,shelf,
NC33A,mantelpiece,
NC33B,mantelpiece,
NC34A,frontice,nicer [than shelf]
NC34A,shelf,
NC34B,mantelpiece,
NC34B,shelf,
NC35A,fireboard,older [than mantel]
NC35A,mantel,
NC35A,mantelpiece,
NC35B,mantel,
NC35B,frontice,
NC36N,mantelboard,
NC36A,fireboard,
NC36A,mantelpiece,
NC36B,mantelboard,
NC36B,mantelpiece,
NC37A,NR,
NC37B,mantel,
NC37B,mantelpiece,
NC38N,mantelpiece,
NC38N,shelf,
NC38A,frontice,nice one
NC38A,shelf,
NC38B,mantelpiece,
NC38B,frontice,mother said
NC39A,shelf,
NC39B!,mantelpiece,
NC40A,mantel,
NC40A,frontice,
NC40A,shelf,
NC40B,mantel,
NC40B,shelf,
NC41!,mantel,
NC42A,mantel,
NC42A,fireboard,
NC42B,mantel,
NC42B,fireboard,
NC43A,mantel,
NC43A,fireboard,
NC43B,mantelpiece,
NC43B,fireboard,
NC44,mantel,
NC44,fireboard,
NC44,shelf,
NC45A,mantelpiece,
NC45A,fireboard,
NC45B,shelf,
NC46A,fireboard,
NC46B,mantel,
NC46B,fireboard,
NC46C!,mantel,
NC47,fireboard,
NC48,mantelboard,
NC48,fireboard,
NC49,mantel,
NC49,fireboard,
NC50A,mantel,
NC50A,fireboard,
NC50B!,mantel,
NC50B!,mantelpiece,
NC51A,fireboard,
NC51B,mantel,
NC51B,fireboard,
NC52N,mantelpiece,
NC52A,fireboard,
NC52B,mantelpiece,
NC53A,fireboard,
NC53B,mantel,
NC53B,fireboard,
NC54A,mantelpiece,
NC54B,mantelboard,
NC54B,fireboard,
NC55,mantel,
NC55,fireboard,
NC56A,mantel,
NC56A,fireboard,
NC56B!,mantel,
NC57A,fireboard,
NC57B,mantel,
NC57B,fire jamb,
NC57B,fireboard,
NC58A,mantel,
NC58A,fireboard,
NC58B,mantel,
NC58B,fireboard,
NC59,fireboard,
NC60,mantel,
NC60,fireboard,
NC61A,fireboard,
NC61B,mantel,
NC61B,fireboard,
NC62A,mantel,
NC62A,fireboard,
NC62B,mantel,
NC62B,fireboard,
NC63A,fireboard,
NC63B,mantelpiece,
NC63B,fireboard,
NC64A,fireboard,
NC64B,fireboard,
NC65A,fireboard,
NC65B,mantel,
NC65B,fireboard,
NC66A,NR,
NC66B,mantel,
NC66B,fireboard,
NC67A,mantel,
NC67A,fireboard,
NC67B,mantel,
NC67B,fireboard,
NC68A,mantelboard,
NC68A,fireboard,
NC68B,mantelpiece,
NC68B,fireboard,
NC69A,fireboard,
NC69B,fireboard,
NC70A,mantelpiece,
NC70A,fireboard,
NC70B,mantel,
NC70B,mantelshelf,
NC71A,fireboard,
NC71B,fireboard,
NC71C!,mantel,
NC71C!,fireboard,
NC72A,fireboard,
NC72B,fireboard,
NC72B,mantel,
NC73A,fireboard,
NC73B,mantel,
NC73B,fireboard,
NC74A,fireboard,
NC74B,mantel,
NC74B,fireboard,
NC75A,fireboard,
NC75B,mantelpiece,
NC75B,mantelboard,
NC75B,fireboard,
SC1A,mantelpiece,
SC1A,fireboard,
SC1B,mantel,
SC1B,fireboard,
SC2A,mantelboard,
SC2B,mantelboard,
SC2C,mantelboard,
SC3A,mantelshelf,
SC3A,fireboard,
SC3B,mantels,
SC3B,mantel,
SC3B,fireboard,
SC3B,fireboard,
SC3C!,mantelpiece,
SC3C!,mantelboard,
SC4A,mantelpiece,
SC4A,mantelboard,
SC4B,mantelpiece,
SC4B,mantelshelf,
SC4C,mantelpiece,
SC5A,mantel,
SC5A,mantelpiece,
SC5A,mantelboard,"for ""clock”"
SC5A,clock,
SC5B,mantelpiece,
SC5C,mantelpiece,
SC5D!,mantel,
SC5D!,shelf,
SC5D!,fire shelf,
SC5D!,fire shelf,
SC6N,mantelpiece,
SC6N,mantel,
SC6A,mantelpiece,
SC6B,mantelpiece,
SC6C!,mantel,
SC6C!,mantelpiece,
SC6D,mantelboard,
SC6D,mantelpiece,
SC7N,mantelpiece,
SC7N,fireboard,
SC7A,mantelpiece,
SC7B,mantelpiece,
SC7B,mantelpiece,
SC7C!,mantelpiece,
SC7D!,mantel,
SC7D!,mantelpiece,
SC7D!,mantelpiece,
SC8A,mantel,
SC8A,shelf,
SC8B,mantelpiece,
SC8C,mantelpiece,
SC9A,mantelpiece,never called anything else
SC9A,mantelpiece,never called anything else
SC9A,mantelpiece,never called anything else
SC9B,mantelpiece,
SC9B,just a board,
SC9B,board,"""just a board”"
SC9C!,mantelpiece,
SC9D!,mantels,
SC9D!,carved mantelpieces,
SC10A,mantel,
SC10B!,mantel,
SC10B!,mantelpiece,
SC10C!,mantelpiece,
SC11N,mantelpiece,
SC11M!,mantel,
SC11M!,mantel,
SC11M!,mantelpiece,
SC11A,mantelpiece,
SC11A,fireboard,shut off fireplace
SC11A,mantelpiece,
SC11B,NR,
SC11C,mantelpiece,
SC11D,mantel,
SC11D,mantel,
SC11D,mantelpiece,
SC11D,mantelpiece,
SC11E,mantelpiece,
SC11F,mantel,
SC11F,mantelpiece,
SC11F,lambrequin,scarf draped in front of mantel
SC11G!,mantelpiece,
SC11H!,mantel,
SC11I!,mantel,
SC11I!,mantelpiece,
SC11J!,mantel,
SC11J!,mantelpiece,
SC11J!,mantelshelf,
SC11J!,chimney breast,
SC12A,mantelshelf,
SC12B,mantelpiece,
SC13,mantel,
SC13,mantelpiece,
SC14A,mantelpiece,
SC14B,mantel,
SC14B,mantelpiece,
SC15A,mantelpiece,
SC15B,mantelpiece,
SC15B,mantel,now
SC15C,mantel,
SC15C,mantelpiece,
SC15C,mantelpiece,
SC16N,mantelpiece,
SC16N,mantelpiece,
SC16N,shelf,
SC16N,bannister,
SC16,mantelpiece,
SC17A,mantelpiece,
SC17A,mantel,
SC17A,mantelshelf,"""old-time name”"
SC17B,mantelpiece,
SC17B,mantelshelf,"""some called it”"
SC17C,mantelpiece,
SC17C,shelf,"""might”"
SC17D,mantelpiece,
SC17D,mantel,
SC17D,mantelshelf,
SC18N,mantel,
SC18N,mantelpiece,
SC18A,mantelshelf,
SC18A,fireboard,board closing for stove in front
SC18A,fire box,metal reflectors
SC18A,chimney box,metal reflectors
SC18B,mantel,
SC18B,mantelpiece,
SC18B,mantelpiece,
SC18C!,mantelpiece,
SC18C!,fireboard,"""I don't call it”"
SC18D!,mantelpiece,
SC19N,mantelpiece,
SC19A,mantelpiece,
SC19A,mantel,
SC19B,mantel,
SC19B,mantelpiece,
SC19C,mantel,
SC19D!,mantelpiece,
SC19E!,mantel,occasionally
SC19E!,mantelpiece,
SC20A,mantelboard,
SC20B,mantelpiece,
SC20B,mantelboard,
SC20C,mantelpiece,
SC20C,mantelboard,
SC20D!,mantelpiece,
SC21A,mantelshelf,
SC21A,mantelboard,
SC21B,mantel,
SC21B,mantelboard,
SC21B,fireboard,
SC22N,mantelpiece,
SC22A,mantelpiece,
SC22B,mantel,
SC22B,mantelpiece,
SC22C!,mantelpiece,
SC22C!,mantel,
SC22C!,mantelboards,"""in back country”"
SC22C!,shelves,
SC23A,mantelpiece,= mantelboard
SC23A,mantelboard,= mantelpiece
SC23B,mantelpiece,
SC23B,fireboard,
SC23C,mantelpiece,
SC23C,mantelboard,
SC23D,mantel,
SC23D,mantelpiece,
SC23D,mantelpiece,
SC23E!,mantelpiece,
SC24N,mantel,
SC24N,shelf,
SC24N,little shelf,
SC24A,mantelpiece,
SC24A,mantelpiece,
SC24A,mantelpiece,
SC24B,mantelpiece,
SC24B,shelf,
SC24C,the shelf,
SC24D!,mantelpiece,
SC25A,mantelboard,
SC25B,mantelpiece,
SC25B,mantelpiece,
SC25B,mantelboard,
SC25C!,mantelpiece,
SC26A,mantel,
SC26B!,mantel,
SC26B!,mantelpiece,
SC26B!,shelf,
SC27A,mantelboard,
SC27B,mantelpiece,
SC27B,mantelboard,
SC28A,mantelpiece,
SC28A,mantelshelf,
SC28B,mantel,
SC28B,mantelpiece,
SC28B,mantelshelf,
SC28C,mantelpiece,
SC28D,mantel,
SC28D,mantelpiece,
SC29A,mantel,
SC29A,mantelpiece,
SC29B,mantelpiece,
SC29C,mantelpiece,
SC29C,mantelpiece,
SC29C,mantelboard,
SC29D,mantelpieces,
SC29D,fireboard,"""some call it”"
SC29E,mantelpiece,
SC30A,mantelpiece,
SC30B,mantel,
SC30B,mantelpiece,
SC30C!,mantel,
SC30C!,mantelpiece,
SC30C!,mantelshelf,
SC31A,mantelpiece,
SC31B,mantelboard,
SC32A,mantelpiece,
SC32A,mantelboard,
SC32B,mantelpiece,
SC32B,shelf,"""in country”"
SC32B,mantel,
SC32C,mantel,
SC32C,mantelshelf,
SC32C,mantelpiece,
SC32D,mantel,
SC32D,mantelpiece,
SC33A,mantelpiece,
SC33A,fireboard,
SC33B,mantel,
SC33B,mantelboard,
SC33B,fireboard,
SC34A,mantelboard,
SC34A,mantelpiece,
SC34B,mantelboards,"""tall, long; took a good carpenter”"
SC34C,mantelboard,
SC35A,fireboard,
SC35A,mantelpiece,
SC35B,mantel,
SC35B,mantelboard,
SC35C,mantel,
SC35D,NA,
SC35E!,mantelboard,
SC35E!,mantelpiece,
SC36A,mantel,
SC36A,fireboard,
SC36B,mantel,
SC36B,fireboard,
SC36C,fireboard,
SC36C,mantelpiece,
SC36D!,mantel,
SC36D!,mantelpiece,
SC37,mantel,
SC37,fireboard,
SC38N,mantelpiece,
SC38N,mantelshelf,
SC38N,fireplace,
SC38N,fireboard,"sealed front of ""fireplace”"
SC38A,mantelpiece,
SC38B,mantelpiece,
SC38B,mantelpiece,
SC38B,mantelboard,
SC38C!,mantelpiece,
SC38D!,mantel,
SC38D!,mantelpiece,
SC38E!,NR,
SC39A,mantel,
SC39A,mantelboard,
SC39A,fireboard,
SC39B!,mantelpiece,
SC39B!,fireboard,
SC39B!,mantelboard,
SC40A,fireboard,"""four feet and a half off the floor”"
SC40A,mantelboard,
SC40A,four feet and a half,
SC40B,mantel,
SC40B,mantelpiece,
SC41A,mantel,
SC41A,fireboard,
SC41B,mantelpiece,
SC41B,mantelpiece,
SC41B,fireboard,
SC41B,fireboard,
SC42N,mantelpiece,
SC42N,mantelboard,
SC42N,fireboard,
SC42N,fireboard,
SC42N,mantelpiece,
SC42N,mantelpiece,
SC42N,tussock,
SC42M,NR,
SC42A,mantel,
SC42A,candle board,
SC42A,fireboard,
SC42A,candle board,
SC42B!,mantelpiece,
SC42B!,fire shelf,
SC42C!,mantel,
SC42C!,mantelshelf,
SC42C!,mantelpiece,
SC42C!,mantel,
SC42C!,mantelpiece,
SC42C!,mantelshelf,
SC42D!,mantelpiece,
SC42D!,mantelpiece,
SC42E!,mantelpiece,
SC43A,mantelpiece,
SC43A,manteltree,
SC43B,mantel,
SC43B,fireboards,
SC43B,fireboard,oldtimers still call it
SC43B,mantelpiece,
SC43B,fireboard,oldtimers still call it
SC43C,mantel,
SC43C,fireboard,
SC44A,mantel,
SC44A,fireboard,"over fireplace, framed and made by cabinet maker"
SC44B,mantelpiece,
SC44B,fireboard,
GA1N,mantelpiece,
GA1A,mantelpiece,
GA1A,mantelpiece,
GA1B,mantel,
GA1C,shelf,in closet
GA1C,mantelpiece,
GA1D,mantelpiece,
GA1D,mantelpiece,
GA1E,mantel,
GA1E,mantelpiece,
GA1F!,mantelpiece,
GA1G!,mantelpiece,
GA1H!,mantel,
GA1H!,mantelpiece,as a child
GA2N,mantelshelf,
GA2A,mantelshelf,
GA2B,mantel,
GA2B,mantelpiece,
GA2B,mantelshelf,
GA3A,mantel,
GA3A,shelf,
GA3B,mantelpiece,
GA4N,mantelpiece,
GA4A,mantel,
GA4A,mantelpiece,usual name
GA4A,mantelpiece,usual name
GA4B,mantel,
GA4C!,mantelpiece,nothing else
GA5A,mantel,
GA5B,NR,
GA5C,mantelpiece,
GA5D!,mantel,
GA5D!,mantelpiece,
GA5E!,mantelpiece,
GA6A,mantelpiece,
GA6B!,mantel,
GA6B!,mantelpiece,"""used to say”"
GA7,mantelboard,"""five foot high”"
GA7,fireboard,
GA7,five foot high,
GA8A,mantelpiece,
GA8A,fireboard,
GA8A,fireboard,
GA8B,mantel,
GA8B,fireboard,
GA8B,mantelpiece,
GA9A,mantel,
GA9B,mantelpiece,
GA9B,mantelshelf,
GA10A,mantelshelf,
GA10B,mantel,
GA10B,mantelpiece,
GA11N,mantelpiece,
GA12A,mantelpiece,
GA12A,fireboard,
GA12B!,mantelpiece,
GA13A,mantelpiece,
GA13B!,mantel,
GA13B!,mantelpiece,
GA13B!,mantelshelf,"""it is a shelf”"
GA13B!,it is a shelf,
GA14A,mantelpiece,
GA14A,mantelshelf,
GA14A,fireboard,
GA14A,fire shelf,
GA14B,mantelshelf,
GA14B,mantelshelf,
GA14C,mantelpiece,
GA14C,mantelshelf,
GA15A,mantelpiece,
GA15B,mantel,
GA15B,mantel,
GA16A,mantel,
GA16A,mantelpiece,
GA16A,shelf,
GA16B,mantelpiece,
GA16B,mantelshelf,
GA16C,mantelpiece,
GA16D!,mantels,
GA16D!,mantelshelf,
GA17N,mantel,
GA17N,mantelpiece,
GA17,mantel,
GA18A,mantelshelf,
GA18B,mantelpiece,older [than fireboard]
GA18B,fireboard,
GA19A,mantelshelf,"""small boy couldn't reach”"
GA19A,mantelpiece,
GA19B,mantel,
GA19B,mantelshelf,
GA20A,mantelshelf,"""lamp or clock or anything else”"
GA20B,mantelpiece,
GA20B,mantel,
GA20B,fireboards,obsolete
GA21A,mantel,
GA21B,mantelpiece,
GA21B,mantel,
GA22A,mantelpiece,
GA22B,mantelpiece,
GA23A,mantelpiece,
GA23A,mantelboard,
GA23B,mantel,
GA23B,mantel,
GA23C,mantel,
GA23D!,mantelpieces,
GA23D!,chimney shelf,not here
GA23D!,shelf,
GA23D!,mantelpieces,
GA23E!,mantel,
GA23F!,mantelpiece,
GA23F!,mantel,
GA24N,mantelpiece,
GA24A,mantelboard,
GA24A,shelf,
GA24B,mantelpiece,
GA25N,mantelpiece,
GA26,mantelpiece,
GA27!,mantel,
GA28,mantel,
GA29A,mantelpiece,
GA29B,mantel,
GA29B,fireboard,
GA29B,mantelpiece,
GA30A,mantelpiece,
GA30A,fireboards,"""we called 'em”; 12 in. by 12 in. split"
GA30B,mantelstone,
GA30B,mantelpiece,
GA30B,fireboard,
GA30B,mantel,
GA30C!,mantelpiece,
GA30C!,mantel,
GA30D,fireboard,"""two names” [re: `mantelpiece']"
GA30D,mantelpiece,"""two names” [re: `fireboard']"
GA30E,NA,
GA31,mantel,
GA31,fireboard,
GA32,mantel,
GA33A,mantel,
GA33B,mantel,
GA34N,shelf,
GA34N,mantelpiece,
GA34A,fireboard,
GA34A,mantel,
GA34B,mantelpiece,"""one about as much as the other” [re: `m.board']"
GA34B,mantelboard,"""one about as much as the other” [re: `m.piece']"
GA35N,mantelpiece,
GA36N,mantelpiece,
GA36N,fireboard,
GA37N,mantel,
GA37N,shelves,
GA37M!,mantel,
GA37M!,mantelpiece,
GA37M!,mantel columns,
GA37A,mantel,
GA37A,fireboard,
GA37B,mantelpiece,
GA37B,mantel,
GA37B,fireboard,"""clock set on it”"
GA37B,mantelpiece,
GA37B,mantelpiece,
GA37C,mantel,
GA37C,mantelpiece,
GA37D!,mantel,
GA37D!,mantelpiece,
GA37E!,mantelpiece,
GA37E!,mantelpiece,
GA37F!,mantelpiece,
GA37G!,mantel,
GA37G!,mantelpiece,
GA37H!,mantelpiece,
GA37I!,mantel,
GA38,mantelboard,
GA39,mantel,
GA40,mantel,
GA41,fireboards,
GA41,mantel,new term
GA42A,mantel,
GA42A,fireboard,
GA42A,fireboard,
GA42B,shelf,
GA42B,fireboard,
GA43,fireboard,
GA44A,fireboard,
GA44B,fireboard,
GA44C,fireboard,
GA44C,mantel,later than fireboard
GA44D,fireboard,
GA44E,mantel,
FL1,mantel,
FL1,mantel,
FL2A,mantelpiece,
FL2B,mantel,
FL2C!,mantel,
FL2C!,mantelpiece,
FL2C!,chimney shelf,
FL3A,mantelpieces,pine
FL3B!,mantel,for decoration
FL4,mantelpiece,
FL5A,mantelpiece,
FL5A,mantelboard,
FL5B,mantelpiece,
TN001,fireplace mantel ,
TN001,mantel ,
TN002,fireplace mantel ,
TN002,mantel ,
TN003,fireplace mantel ,
TN003,mantel ,
TN004,fireplace mantel ,
TN004,mantel ,
TN005,fireplace mantel ,
TN005,mantel ,
TN006,mantel ,
TN007,mantel ,
TN008,fireplace mantel ,
TN008,mantel ,
TN009,mantel ,
TN010,mantel ,
TN011,fireplace mantel ,
TN012,fireplace mantel ,
TN012,mantel ,
TN013,mantel ,
TN014,mantel ,
TN015,mantel ,
TN016,mantel ,
TN017,fireplace mantel ,
TN017,mantel ,
TN018,fireplace mantel ,
TN018,mantel ,
TN019,fireplace mantel ,
TN019,mantel ,
TN020,mantel ,
TN021,fireplace mantel ,
TN021,mantel ,
TN022,mantel ,
TN022,mantelpiece ,
TN023,fireplace mantel ,
TN023,mantel ,
TN024,mantel ,
TN025,fireplace mantel ,
TN025,mantel ,
TN026,mantel ,
TN027,chimney shelf ,
TN027,mantel ,
TN028,mantel ,
TN029,mantelpiece ,
TN030,mantel ,
TN030,shelf ,
TN031,mantelpiece ,
TN032,mantel ,
TN033,mantel ,
TN034,mantel ,
TN035,mantel ,
TN036,fireplace mantel ,
TN037,mantel ,
TN038,mantel ,
TN039,mantel ,
TN040,mantel ,
TN041,mantel ,
TN042,fireplace mantel ,
TN042,mantel ,
TN043,mantel ,
TN043,mantelpiece ,
TN044,fireplace mantel ,
TN044,mantel ,
TN045,mantel ,
TN046,mantel ,
TN047,fireplace mantel ,
TN047,mantel ,
TN048,mantel ,
TN049,mantel ,
TN050,mantel ,
TN051,mantel ,
TN052,mantelpiece ,
TN053,mantel ,
TN054,mantel ,
TN055,stone mantel ,
TN056,mantelpiece ,
TN057,mantel ,
TN057,mantelpiece ,
TN058,mantel ,
TN059,NR,
TN060,mantel ,
GA061,fireplace mantel ,
GA061,mantel ,
GA062,mantel ,
GA063,mantelboard ,
GA064,fireplace mantel ,
GA064,mantel ,
GA065,mantel ,
GA066,mantel ,
GA067,mantel ,
GA068,mantel ,
GA069,fireplace mantel ,
GA069,mantel ,
GA070,mantel ,
GA071,mantel ,
GA072,fireplace mantel ,
GA073,fireplace mantel ,
GA073,mantel ,
GA074,mantelpiece ,
GA075,mantel ,
GA075,mantelpiece ,
GA076,mantel ,
GA077,NR,
GA078,mantel ,
GA079,chimneypiece ,
GA079,mantel ,
GA080,fireplace mantel ,
GA081,mantelpiece ,
GA082,mantelpiece ,
GA083,mantel ,
GA084,fireplace mantel ,
GA084,mantelpiece ,
GA085,mantel ,
GA086,mantel ,
GA087,mantel ,
GA088,fireplace mantel ,
GA088,mantelpiece ,
GA089,mantel ,
GA090,mantel ,
GA091,mantel ,
GA092,fireplace mantel ,
GA092,mantel ,
GA093,mantelpiece ,
GA094,mantel ,
GA094,mantelpiece ,
GA095,fireplace mantel ,
GA096,mantel ,
GA097,mantel ,
GA097,mantelpiece ,
GA098,mantelboard ,
GA098,mantelpiece ,
GA098,manteltree ,
GA099,mantelpiece ,
GA100,mantel ,
GA100,mantelpiece ,
GA101,mantel ,
GA101,mantelpiece ,
GA102,mantel ,
GA103,mantel ,
GA104,mantelpiece ,
GA105,mantel ,
GA106,mantel ,
GA107,mantel ,
GA108,mantel ,
GA109,mantel ,
GA110,mantel ,
GA111,NR,
GA112,mantel ,
GA113,NR,
GA114,mantelpiece ,
GA115,mantelpiece ,
GA116,fireplace mantel ,
GA117,mantelpiece ,
GA118,NR,
GA119,mantel ,
GA120,NR,
GA121,mantel ,
GA122,mantel ,
GA123,mantel ,
GA124,mantel ,
GA124,mantelpiece ,
GA125,mantel ,
GA126,mantelpiece ,
GA127,mantel ,
GA128,mantelpiece ,
GA129,mantelpiece ,
GA130,mantelpiece ,
GA131,mantelpiece ,
GA132,mantelpiece ,
GA133,mantelpiece ,
GA134,mantelpiece ,
GA135,mantel ,
GA135,mantelpiece ,
GA136,fireplace mantel ,
GA136,mantel ,
GA137,mantel ,
GA137,mantelpiece ,
GA138,mantelpiece ,
GA139,mantel ,
GA140,mantelpiece ,
GA141,mantel ,
GA141,mantelpiece ,
GA142,mantel ,
GA143,NR,
GA144,mantelpiece ,
GA145,NR,
GA146,mantel ,
GA147,mantel ,
GA148,mantelpiece ,
GA149,mantelpiece ,
GA150,mantelpiece ,
GA151,mantelshelf ,
GA152,mantelpiece ,
GA153,mantel ,
GA154,mantel ,
GA155,mantelpiece ,
GA156,mantelpiece ,
GA157,mantel ,
GA158,mantel ,
GA159,mantel ,
GA160,mantel ,
GA161,mantel ,
GA162,mantelpiece ,
GA163,mantel ,
GA164,mantel ,
GA165,mantelpiece ,
GA166,mantel ,
GA167,mantel ,
GA167,mantelpiece ,
GA168,mantelpiece ,
GA169,shelf ,
GA170,mantel ,
GA171,mantel ,
GA171,mantelpiece ,
GA172,mantelpiece ,
GA173,mantelshelf ,
GA174,mantelpiece ,
GA175,NR,
GA176,mantel ,
GA177,mantel ,
GA178,mantelshelf ,
GA179,mantelpiece ,
GA180,mantel ,
GA180,mantelpiece ,
GA181,mantel ,
GA182,mantel ,
GA183,mantel ,
GA183,mantelshelf ,
GA184,fireplace mantel ,
GA184,mantel ,
GA184,shelf ,
GA185,mantel ,
GA185,mantelpiece ,
GA186,fireplace mantel ,
GA186,mantel ,
GA187,mantelboard ,
GA188,mantelpiece ,
GA189,mantelpiece ,
GA190,NR,
GA191,mantel ,
GA192,mantel ,
GA193,mantelboard ,
GA193,mantelpiece ,
GA194,shelf ,
GA195,mantelpiece ,
GA196,mantel ,
GA197,mantel ,
GA198,mantelshelf ,
GA199,mantel ,
GA200,mantelpiece ,
GA201,mantelpiece ,
GA202,mantel ,
GA203,mantelpiece ,
GA204,mantel ,
GA205,mantel ,
GA206,mantelpiece ,
GA207,mantelpiece ,
GA208,mantel ,
GA209,mantel ,
GA210,fireplace mantel ,
GA210,mantel ,
GA211,mantel ,
GA212,mantelboard ,
GA213,mantel ,
GA214,mantel ,
GA215,mantelpiece ,
GA216,mantelpiece ,
GA217,chimney shelf ,
GA217,fireboard ,
GA217,mantel ,
GA218,mantel ,
GA219,mantel ,
GA219,mantelpiece ,
GA220,shelf ,
GA220,whatnot shelf ,
GA221,mantel ,
GA222,NR,
GA223,mantelpiece ,
GA224,mantelpiece ,
GA224,shelf ,
GA225,mantelboard ,
FL226,mantelpiece ,
FL227,mantelpiece ,
FL228,NR,
FL229,mantel ,
FL230,mantel ,
FL230,shelf ,
FL231,mantelpiece ,
FL232,mantel ,
FL233,mantel ,
FL234,mantelpiece ,
FL235,mantelpiece ,
FL236,mantelboard ,
FL237,mantelshelf ,
FL238,mantelshelf ,
FL239,mantelboard ,
FL239,mantelpiece ,
FL240,mantel ,
FL241,board ,
FL241,shelf ,
FL242,mantel ,
FL243,mantel ,
FL244,NR,
FL245,NR,
FL246,mantelpiece ,
FL247,NR,
FL248,mantel ,
FL249,mantel ,
FL250,mantel ,
FL251,mantelpiece ,
FL252,shelf ,
FL253,mantel ,
FL254,mantel ,
FL254,shelf ,
FL255,mantel ,
FL256,mantelshelf ,
FL257,mantel ,
FL258,mantelpiece ,
FL259,mantel ,
FL260,mantel ,
FL261,mantel ,
FL262,mantelshelf ,
FL263,mantel ,
FL264,mantel ,
FL265,mantel ,
FL266,mantel ,
FL266,mantelpiece ,
FL266,shelf ,
FL267,mantel ,
FL267,mantelshelf ,
FL267,shelf ,
FL268,NR,
FL269,mantel ,
FL270,mantel ,
FL271,mantelshelf ,
FL271,shelf ,
FL272,mantel ,
FL273,mantel ,
FL274,mantel ,
FL275,mantel ,
FL276,mantel ,
FL277,mantel ,
FL277,mantelpiece ,
FL278,mantel ,
FL279,mantelpiece ,
FL280,NR,
FL281,mantelpiece ,
FL281,shelf over the fireplace ,
FL282,mantel ,
FL282,mantelpiece ,
FL283,NR,
FL284,mantel ,
FL285,NR,
FL286,mantel ,
FL287,NR,
FL288,mantel ,
FL289,mantelpiece ,
TN290,fireplace mantel ,
TN290,mantel ,
TN291,mantel ,
TN292,mantel ,
TN293,mantel ,
TN293,mantelpiece ,
TN293,mantelshelf ,
TN294,mantel ,
TN295,mantel ,
TN295,mantelpiece ,
TN296,mantel ,
TN297,mantel ,
TN298,NR,
TN299,mantel ,
TN300,mantel ,
TN301,mantel ,
TN301,mantelboard ,
TN302,mantel ,
TN303,mantel ,
TN304,mantel ,
TN305,mantel ,
TN306,mantel ,
TN307,mantel ,
TN308,mantel ,
TN309,mantel ,
TN310,mantel ,
TN311,mantel ,
TN312,mantel ,
TN313,mantel ,
TN314,NR,
TN315,fireplace mantel ,
TN315,mantel ,
TN316,mantelpiece ,
TN317,fireplace mantel ,
TN317,mantel ,
TN318,clock shelf ,
TN318,fireplace mantel ,
TN318,mantel ,
TN318,mantelboard ,
TN319,mantel ,
TN320,mantel ,
TN321,fireplace mantel ,
TN321,mantel ,
TN322,mantel ,
TN323,mantel ,
TN324,mantel ,
TN325,mantel ,
TN326,mantel ,
TN327,NR,
TN328,mantel ,
TN329,mantel ,
TN330,mantel ,
TN330,mantelpiece ,
TN331,mantelpiece ,
TN332,mantelpiece ,
TN333,mantelshelf ,
TN334,NR,
TN335,mantel ,
TN336,mantel ,
AL337,mantel ,
AL338,fireplace mantel ,
AL338,mantel ,
AL339,mantel ,
AL339,mantelpiece ,
AL340,mantelpiece ,
AL340,shelf ,
AL341,mantel ,
AL341,mantelpiece ,
AL342,mantel ,
AL343,mantel ,
AL344,mantelpiece ,
AL345,mantelpiece ,
AL346,mantelpiece ,
AL347,mantel ,
AL347,shelf ,
AL348,fireplace mantel ,
AL348,mantel ,
AL349,mantel ,
AL350,fireplace mantel ,
AL350,mantel ,
AL351,mantel ,
AL352,mantel ,
AL353,mantel ,
AL354,mantelpiece ,
AL355,fireplace mantel ,
AL356,mantel ,
AL357,mantel ,
AL358,mantel ,
AL358,mantelshelf ,
AL358,shelf ,
AL359,fireplace mantel ,
AL359,mantel ,
AL360,mantel ,
AL361,mantel ,
AL361,mantelpiece ,
AL362,mantel ,
AL363,fireplace mantel ,
AL363,mantel ,
AL363,shelf ,
AL364,mantel ,
AL365,fireplace mantel ,
AL365,mantel ,
AL366,mantel ,
AL367,mantel ,
AL368,mantel ,
AL369,mantelpiece ,
AL370,mantel ,
AL371,mantel ,
AL372,mantel ,
AL373,mantelpiece ,
AL374,mantel ,
AL375,mantel ,
AL376,fireplace mantel ,
AL377,mantel ,
AL377,shelf ,
AL378,mantelpiece ,
AL379,mantel ,
AL380,mantel ,
AL381,mantel ,
AL382,mantel ,
AL383,NR,
AL384,shelf ,
AL385,mantel ,
AL385,mantelpiece ,
AL386,mantel ,
AL387,mantel ,
AL388,fireplace mantel ,
AL389,mantel ,
AL390,mantel ,
AL391,mantel ,
AL392,NR,
AL393,mantel ,
AL394,mantel ,
AL395,mantel ,
AL396,mantelpiece ,
AL396,shelf ,
AL397,mantel ,
AL398,mantel ,
AL399,mantel ,
AL399,mantelpiece ,
AL399,shelf ,
AL400,shelf ,
AL401,NR,
AL402,mantelboard ,
AL403,mantelpiece ,
AL404,mantel ,
AL405,mantel ,
AL406,NR,
AL407,mantel ,
AL408,mantel ,
AL409,mantelpiece ,
AL410,mantel ,
AL410,mantelpiece ,
AL411,mantelboard ,
AL411,mantelpiece ,
AL412,mantel ,
AL413,mantel ,
AL414,mantel ,
AL415,mantelboard ,
AL415,mantelpiece ,
AL416,mantel ,
AL417,mantel ,
AL418,mantel ,
AL419,mantel ,
AL420,fireplace mantel ,
AL420,mantelpiece ,
AL421,mantel ,
AL421,shelf ,
AL422,mantel ,
AL422,mantelpiece ,
AL423,mantel ,
AL424,mantel ,
AL424,shelf ,
AL425,NR,
AL426,mantelshelf ,
AL427,mantelpiece ,
AL428,mantelpiece ,
AL428,mantelshelf ,
AL429,mantel ,
AL430,mantel ,
AL431,mantelboard ,
AL431,mantelpiece ,
AL432,mantelpiece ,
AL432,shelf ,
AL433,mantel ,
AL434,mantel ,
AL435,fireplace mantel ,
AL435,mantel ,
AL436,mantelpiece ,
AL437,mantel ,
AL438,fireplace mantel ,
AL438,mantelboard ,
AL439,mantelboard ,
AL440,fireplace mantel ,
AL440,mantel ,
AL440,mantelboard ,
AL440,mantelshelf ,
AL441,mantelpiece ,
AL442,mantelboard ,
AL442,mantelpiece ,
AL443,mantel ,
AL444,mantelboard ,
AL445,mantel ,
AL446,mantel ,
AL446,mantelboard ,
AL447,mantel ,
AL448,mantel ,
AL449,mantel ,
AL450,mantel ,
AL451,mantelboard ,
FL452,mantel ,
FL453,mantel ,
FL453,mantelshelf ,
FL454,NR,
FL455,mantelpiece ,
FL456,mantel ,
FL457,mantel ,
FL458,mantelpiece ,
FL459,mantelpiece ,
FL459,mantelshelf ,
FL460,mantelboard ,
FL461,mantel ,
FL461,mantelpiece ,
FL462,mantel ,
FL462,mantelpiece ,
FL463,NR,
FL464,mantelpiece ,
FL465,fireplace mantel ,
FL466,mantel ,
FL466,shelf ,
FL467,mantelboard ,
FL468,mantelpiece ,
FL469,mantelpiece ,
FL470,manteling ,
FL471,mantel ,
AL472,mantelboard ,
AL472,mantelshelf ,
AL473,mantel ,
AL474,mantel ,
AL475,mantel ,
AL475,mantelpiece ,
AL476,mantel ,
AL477,mantel ,
AL478,mantelpiece ,
AL479,mantelpiece ,
AL480,mantel ,
AL481,mantel place ,
AL481,mantelpiece ,
AL482,mantel ,
AL482,mantelpiece ,
AL483,shelf ,
AL484,mantel ,
AL485,0,
TN486,mantel ,
TN487,mantel ,
TN488,mantel ,
TN489,mantel ,
TN490,mantel ,
TN491,mantel ,
TN492,mantelpiece ,
TN493,mantel ,
TN494,mantel ,
TN495,mantel ,
TN496,mantel ,
TN497,mantel ,
TN498,mantel ,
TN499,mantel ,
TN500,mantel ,
TN501,fire shelf ,
TN501,mantel ,
TN502,mantel ,
TN503,mantelpiece ,
TN504,mantel ,
TN505,mantelboard ,
TN506,mantelpiece ,
TN507,mantel ,
TN508,mantelpiece ,
TN509,mantel ,
TN509,mantelpiece ,
TN510,mantelpiece ,
TN511,mantelpiece ,
TN512,mantel ,
TN513,mantel ,
TN514,mantel ,
TN515,mantel ,
TN516,mantel ,
TN517,mantel ,
TN518,NR,
TN519,mantel ,
MS520,fireplace mantel ,
MS520,mantelpiece ,
MS521,mantel ,
MS522,mantel ,
MS522,mantelpiece ,
MS523,mantel ,
MS524,mantel ,
MS525,mantelboard ,
MS526,mantelpiece ,
MS527,mantel ,
MS528,mantel ,
MS529,mantel ,
MS529,mantelshelf ,
MS530,mantelboard ,
MS530,mantelpiece ,
MS531,mantel ,
MS532,mantelpiece ,
MS533,mantel ,
MS534,mantel ,
MS535,mantel ,
MS536,mantelboard ,
MS537,NR,
MS538,mantel ,
MS539,mantelpiece ,
MS540,mantelpiece ,
MS541,mantel ,
MS542,mantel ,
MS543,NR,
MS544,fireplace mantel ,
MS544,mantel ,
MS545,mantel ,
MS546,NR,
MS547,mantel ,
MS548,mantel ,
MS549,mantel ,
MS549,mantelpiece ,
MS550,mantelpiece ,
MS550,shelf ,
MS551,NR,
MS552,mantel ,
MS553,mantel ,
MS554,NR,
MS555,mantelpiece ,
MS555,shelf ,
MS556,mantel ,
MS557,NR,
MS558,mantel ,
MS558,shelf ,
MS559,mantelboard ,
MS560,NR,
MS561,NR,
MS562,mantel ,
MS563,mantel ,
MS564,mantel ,
MS564,shelf ,
MS565,mantel ,
MS565,mantelpiece ,
MS566,shelf ,
MS567,mantel ,
MS568,NR,
MS569,NR,
MS570,mantel ,
MS570,mantelpiece ,
MS571,0,
MS572,mantel ,
MS573,NR,
MS574,mantel ,
MS575,mantel ,
MS575,mantelpiece ,
MS576,mantel ,
MS577,mantelpiece ,
MS578,mantelpiece ,
MS579,mantelpiece ,
MS580,mantelboard ,
MS581,mantel ,
MS582,mantelboard ,
MS583,mantelboard ,
MS584,mantelboard ,
MS585,mantel ,
MS585,shelf mantel ,
MS586,mantel ,
MS586,mantelpiece ,
MS587,mantelpiece ,
MS588,mantelpiece ,
MS589,mantel ,
MS590,mantel ,
MS590,mantelpiece ,
MS591,mantel ,
MS592,NR,
MS593,mantelpiece ,
MS593,shelf ,
MS594,mantelpiece ,
MS595,mantel ,
MS596,mantelpiece ,
MS596,shelf ,
MS597,mantel ,
MS598,mantel ,
MS598,mantelpiece ,
MS599,mantel ,
MS600,fireplace mantel ,
MS600,mantel ,
MS600,mantelboard ,
MS600,mantelpiece ,
MS601,mantel ,
MS602,fireboard ,
MS603,mantelshelf ,
MS604,mantelshelf ,
MS605,mantel ,
MS605,mantelboard ,
MS606,mantel ,
MS607,mantel ,
MS607,shelf ,
MS608,mantel ,
MS609,mantelpiece ,
MS610,fire shelf ,
MS610,mantel ,
MS610,shelf ,
MS611,NR,
MS612,mantelpiece ,
MS613,mantel ,
MS614,mantel ,
MS615,mantel ,
MS615,mantelpiece ,
MS616,mantel ,
MS616,mantelshelf ,
MS617,mantelpiece ,
MS618,mantel ,
MS619,shelf ,
MS620,mantelpiece ,
MS621,NR,
MS622,mantel ,
MS623,mantel ,
MS623,mantelpiece ,
MS624,mantel ,
MS625,mantelpiece ,
MS626,mantelpiece ,
MS627,mantel ,
MS628,mantelshelf ,
MS629,mantel ,
MS629,mantelshelf ,
MS629,oak ,
LA630,mantelshelf ,
LA631,NR,
LA632,mantel ,
LA632,mantelpiece ,
LA633,mantel ,
LA634,board ,
LA634,mantel ,
LA635,mantel ,
LA636,NR,
LA637,mantelpiece ,
LA638,mantelpiece ,
LA639,mantelpiece ,
LA640,mantel ,
LA640,mantelpiece ,
LA641,mantelpiece ,
LA642,mantel ,
LA642,mantelpiece ,
LA643,NR,
LA644,mantel ,
LA645,mantelpiece ,
LA646,mantel ,
LA647,mantelpiece ,
LA647,shelf ,
LA648,mantel ,
LA649,mantel ,
LA650,mantelpiece ,
LA651,NR,
LA652,mantelpiece ,
LA653,NR,
LA654,NR,
LA655,mantel ,
LA656,mantel ,
LA657,mantelpiece ,
LA657X,mantel ,
LA657Y,mantel ,
LA657Y,mantelpiece ,
LA657Z,chimney ,
LA657Z,mantelpiece ,
LA658,mantelpiece ,
LA659,board ,
LA660,mantelpiece ,
LA660,shelf ,
LA661,mantelpiece ,
LA662,mantel ,
LA663,mantel ,
LA664,mantel ,
LA665,NR,
LA666,la corniche ,
LA667,la corniche ,
LA667,shelf ,
LA668,mantelpiece ,
LA669,mantelpiece ,
LA670,mantelpiece ,
LA671,mantel ,
LA671,mantelpiece ,
LA672,mantelpiece ,
LA672,shelf ,
LA673,mantelpiece ,
AR674,fireplace mantel ,
AR675,mantel ,
AR676,mantel ,
AR677,NR,
AR678,mantel ,
AR679,mantel ,
AR680,mantel ,
AR681,fireplace mantel ,
AR682,mantel ,
AR683,mantel ,
AR684,fireplace mantel ,
AR684,mantel ,
AR685,mantel ,
AR686,mantel ,
AR687,mantel ,
AR688,shelf ,
AR689,fireplace mantel ,
AR689,mantel ,
AR690,mantel ,
AR691,mantel ,
AR692,mantelpiece ,
AR693,mantel ,
AR694,fireplace mantel ,
AR694,mantel ,
AR694,wooden mantel ,
AR695,mantel ,
AR696,mantel ,
AR697,mantel ,
AR697,mantelboard ,
AR698,mantel ,
AR699,mantelpiece ,
AR700,NR,
AR701,mantel ,
AR702,mantel ,
AR703,mantel ,
AR704,mantel ,
AR705,mantel ,
AR706,mantel ,
AR707,mantel ,
AR708,mantel ,
AR709,mantel ,
AR710,mantel ,
AR711,mantel ,
AR712,mantel ,
AR713,fireplace mantel ,
AR713,mantel ,
AR714,mantel ,
AR715,fireplace mantel ,
AR715,mantelpiece ,
AR716,fireplace mantel ,
AR716,mantel ,
AR717,fireplace mantel ,
AR718,mantel ,
AR719,mantel ,
AR720,mantel ,
AR721,mantel ,
AR722,NR,
AR723,arch ,
AR723,arch rock ,
AR723,mantel ,
AR724,mantel ,
AR725,mantel ,
AR725,mantelpiece ,
AR726,fireplace mantel ,
AR727,mantel ,
AR728,mantel ,
AR729,mantel ,
AR730,mantel ,
AR731,mantel ,
AR732,mantel ,
AR733,fireplace mantel ,
AR733,mantel ,
AR734,NR,
AR735,NR,
AR736,mantel ,
AR737,mantel ,
AR738,mantel ,
AR739,mantel ,
AR740,mantelboard ,
AR741,mantel ,
AR742,mantel ,
AR743,mantelpiece ,
AR744,mantelboard ,
AR745,mantel ,
AR746,mantel ,
AR746,mantelpiece ,
AR747,mantelpiece ,
AR748,shelf ,
AR749,mantel ,
AR750,mantelboard ,
AR751,mantel ,
AR752,NR,
AR753,mantel ,
AR754,mantel ,
AR755,NR,
LA756,mantelpiece ,
LA757,mantel ,
LA758,mantel ,
LA758,mantelboard ,
LA759,mantelpiece ,
LA760,NR,
LA761,mantel ,
LA761,mantelpiece ,
LA762,mantelpiece ,
LA763,mantelboard ,
LA764,mantelshelf ,
LA765,mantel ,
LA766,shelf ,
LA767,mantelpiece ,
LA768,mantel ,
LA768,shelf ,
LA769,mantel ,
LA770,mantel ,
LA771,mantelshelf ,
LA771,shelf ,
LA772,mantelboard ,
LA773,mantel ,
LA773,mantelboard ,
LA773,mantel log ,
LA774,mantelboard ,
LA775,mantelpiece ,
LA776,mantel ,
LA777,mantel ,
LA778,mantel ,
LA778,mantelpiece ,
LA779,mantel ,
LA780,mantel ,
LA781,mantel ,
LA782,mantelboard ,
LA783,mantelshelf ,
LA784,mantelpiece ,
LA785,mantel ,
LA786,fireplace mantel ,
LA786,mantel ,
LA787,mantel ,
LA788,mantel ,
LA789,la corniche ,
LA789,mantel ,
LA789,mantelshelf ,
LA789,shelf ,
LA790,mantelshelf ,
LA791,mantel ,
LA791,mantelboard ,
LA792,mantelshelf ,
LA793,mantel ,
LA793,mantelpiece ,
LA794,mantelshelf ,
LA795,mantel ,
LA795,mantelboard ,
LA795,mantelpiece ,
LA796,NR,
LA797,mantel ,
LA797,mantelpiece ,
LA798,mantel ,
LA799,NR,
LA800,mantelboard ,
LA801,mantel ,
LA802,mantelpiece ,
LA803,mantelpiece ,
LA804,mantel ,
LA804,mantelpiece ,
LA805,mantel ,
LA806,mantel ,
LA807,mantelpiece ,
LA808,fire mantel ,
LA808,shelf ,
LA809,mantel ,
LA809,mantelpiece ,
LA810,shelf ,
LA811,mantel ,
LA811,mantelpiece ,
LA812,shelf ,
LA813,mantelpiece ,
LA814,NR,
LA815,mantel ,
LA816,NR,
LA817,shelf ,
TX818,shelf ,
TX819,mantelpiece ,
TX820,mantel ,
TX821,mantelshelf ,
TX822,mantelpiece ,
TX823,fireplace mantel ,
TX823,medicine shelf ,
TX824,mantel ,
TX825,mantel ,
TX825,mantelpiece ,
TX826,mantel ,
TX827,mantel ,
TX828,mantel ,
TX829,mantel ,
TX830,mantel ,
TX831,mantel ,
TX832,mantel ,
TX833,mantel ,
TX834,mantel ,
TX835,mantel ,
TX835,shelf ,
TX836,fireplace shelf ,
TX836,mantel ,
TX837,mantelboard ,
TX838,board ,
TX838,fireplace mantel ,
TX839,shelf ,
TX840,mantelboard ,
TX841,NR,
TX842,mantel ,
TX843,mantel ,
TX844,mantel ,
TX845,mantel ,
TX846,mantel ,
TX847,mantel ,
TX848,mantel ,
TX849,mantel ,
TX850,mantelpiece ,
TX851,mantel ,
TX852,mantel ,
TX853,mantel ,
TX854,mantel ,
TX855,mantelshelf ,
TX856,mantelboard ,
TX856,shelf ,
TX857,board ,
TX857,mantelpiece ,
TX858,mantel ,
TX858,mantelpiece ,
TX859,mantel ,
TX860,mantel ,
TX861,mantel ,
TX862,ledge ,
TX862,shelf ,
TX863,mantel ,
TX863,mantelpiece ,
TX864,NR,
TX865,mantel ,
TX866,NR,
TX867,mantel ,
TX868,mantel ,
TX869,mantel ,
TX870,chimney breast ,
TX870,mantel ,
TX871,mantelpiece ,
TX872,mantelpiece ,
TX872,shelf ,
TX873,mantel ,
TX873,mantelpiece ,
TX874,mantel ,
TX875,mantel ,
TX875,mantelpiece ,
TX876,mantel ,
TX877,NR,
TX878,mantel ,
TX879,mantel ,
TX879,mantelpiece ,
TX880,mantel ,
TX881,NR,
TX882,mantel ,
TX883,NR,
TX884,board ,
TX884,mantel ,
TX885,mantel ,
TX886,mantel ,
TX887,mantel ,
TX887,mantelpiece ,
TX888,whatnot shelf ,
TX889,mantel ,
TX890,mantel ,
TX891,mantel ,
TX892,mantelpiece ,
TX893,mantel ,
TX894,mantel ,
TX895,mantel ,
TX896,NR,
TX897,chimenea ,
TX898,mantel ,
TX898,shelf ,
TX899,mantel ,
TX900,shelf ,
TX901,mantel ,
TX902,mantel ,
TX902,mantelpiece ,
TX903,mantelpiece ,
TX904,mantelpiece ,
TX905,mantelpiece ,
TX906,mantel ,
TX907,mantel ,
TX907,mantelpiece ,
TX908,mantel ,
TX909,mantel ,
TX910,mantelpiece ,
TX911,mantelpiece ,
CT30,mantelpiece,
CT032,mantel,
CT033,"mantel, mantelshelf",
CT034,mantel,
CT039,mantel,
CT040,mantel,for mantel-shelf
CT041,mantel,mantel shelf
CT043,shelf,"suggested mantel, mantel shelf, mantel piece (all 3)"
CT060,shelf,"""it's on the shelf there""; says more common than any of the others"
CT62,"shelf, mantelshelf",
CT69,"mantelshelf, mantel",same
CT92,mantelshelf,
CT103,"mantel, mantelshelf",says he used to hear [mantel shelf] among the illiterate
CT109,"chimney shelf, mantelshelf",anything not on the chimney is mantel shelf. You can take down mantel shelf but not chimney shelf. I've had it called breast of the chimney but not often
CT112,mantelpiece,
CT113,mantel,
CT126,mantelpiece,the shelf itself
CT133,mantel,"the shelf, the entire frame"
CT139,"mantelpiece, mantel",mine; the books on the mantel piece others
CT142,the mantel,
CT160,"mantel, mantelshelf",mantel: now; mantel shelf: as child
CT183,mantel,
CT184,mantelshelf,
CT187,mantel,
CT188,mantel,
CT189,mantel,
CT190,mantelpiece,very little aspiration on [p]
CT191,the shelf,suggested; has heard mantel shelf but other folks always called it shelf
CT192,mantel,
CT193,"mantelshelf, shelf",shelf: always says; mantel shelf: some call it
CT195,mantel,
CT196,"mantel, mantelpiece",the shelf over the fireplace
CT197,mantel,
CT198,"chimney shelf, mantelshelf",use a chimney shelf for more kinda purposes. A mantel shelf they don't put so much rubbish on it.
CT199,"mantelpiece, mantel",some call it mantel
CT205,"mantel, mantelpiece",in of old-fashioned houses here the sides of the chimney and mantel piece [IPA] most always painted blue
CT206,"mantel, mantelpiece","mantel: none in old houses; mantel piece: suggested, oh yes!"
CT209,mantel,
CT210,mantel,
CT215,missing,
CT216,mantelpiece,very little aspiration in [p]
CT217,mantel,
CT218,mantel,
CT233,"shelf, mantelpiece, mantel",
CT234,"mantel, mantelpiece, mantelshelf",
CT254,mantel,
CT260,mantel,
CT261,"mantel, mantelpiece",
CT262,mantelpiece,
CT266,mantel,
CT282,mantel,
CT283,"shelf, mantel",daughter: mantel
CT286,mantelshelf,
CT287,"mantel, mantelpiece",
CT373,"mantel, shelf, mantelshelf",prefers mantel; decides wolund't say mantel shelf
CT384,shelf,not familiar
CT385,"a shelf, a mantelshelf",I suppose the proper name is a mantel shelf; but he doesn't use it
CT386,"mantelpiece, shelf",mantel piece: rarer; shelf: commoner
CT387,mantel,
CT400,"fire jam, mantel, shelf",[pic]
CT401,mantel,
CT405,"mantelshelf, mantelpiece",
CT406,"mantelpiece, shelf",some say shelf
CT407,"mantel, shelf",shelf: may have used as a child
CT408,"mantel, mantelpiece",
CT417,"mantelshelf, lintel, mantelpiece, mantel tree piece",lintel: stone top; mantel tree piece: grandmother said
CT418,"mantel, parlor mantel",
CT419,mantelpiece,
CT422,mantelpiece,
IL1A,a little shelf,2 brackets and shelf
IL1B,mantel,
IL1C,mantel,
IL2,mantel,
IL3A,"a shelf, mantel",mantel: fireplace; shelf: in kitchen for clock
IL3B,NR,
IL3C,a mantelpiece,
IL3D,mantel,
IL4,mantel,
IL5,mantel,
IL6A,shelf,
IL6B,a shelf,
IL6C,mantelpiece,
IL7,mantel,
IL8A,mantel,
IL8B,a mantel,
IL8C,a shelf,over fireplace
IL8D,mantel,
IL9,mantel,wife's parents had a clock shelf
IL10A,mantel,
IL10B,mantel,
IL10C,the mantel,
IL11A,shelf,
IL11B,mantel,
IL11C,mantel,
IL12A,the mantel,
IL12B,mantelpiece,
IL12C,mantel,
IL12D,mantel,
IL12E,NR,
IL12F,mantel,
IL12G,mantels,not necessarily over fireplace
IL12HN,mantelpiece,
IL12I,mantel,
IL12JN,mantel,
IL12K,NR,
IL12LN,mantel,
IL12M,"mantel, mantelpiece",
IL12N,mantel,"not necessarily, conversational"
IL12O,the mantel,
IL12P,mantel,
IL12Q,"mantel, mantelpiece",
IL12R,mantel,
IL13A,NR,
IL13B,mantelpiece,
IL13C,mantel,
IL13D,mantel,
IL13E,"mantel, shelf",
IL14,mantel,
IL15A,mantel,
IL15B,mantel,
IL16A,mantel,
IL16B,"a shelf, clock shelf",
IL16C,the mantel,
IL17,shelf,
IL18,"shelf, mantelshelf",
IL19A,mantel,
IL19B,mantel,
IL20A,a shelf,
IL20B,"the mantel, mantel",
IL21,mantelshelf,
IL22,mantel,
IL23A,mantel,
IL23B,mantel,
IL24A,mantel,
IL24B,mantel,
IL25A,mantel,
IL25B,"mantelpiece, mantel",
IL26,mantel,
IL27A,"shelf, mantel",
IL27B,mantel,
IL28A,mantelpiece,
IL28B,the mantel,
IL29A,mantel,
IL29B,mantel,
IL30A,"shelf, mantels, mantelshelf, mantelpiece",
IL30B,a shelf,
IL31A,just a mantel,
IL31B,shelf,
IL32,mantel,
IL33A,mantel,
IL33B,mantelpiece,
IL34,shelf,
IL35,mantel,
IL36A,"the mantel, the mantelpiece",
IL36B,mantel,
IL37A,mantel,a foot wide
IL37B,mantel,
IL38A,"the shelf, mantelpiece",
IL38B,a mantelpiece,
IL39A,mantel,
IL39B,mantel,hang the baby's stocking
IL39C,mantel,
IL40,mantel,
IL41A,mantel,
IL41B,mantel,
IL42A,mantel,
IL42B,clock shelf,
IL43A,mantel,
IL43B,mantel,
IL43C,a mantel,
IL44A,"the mantelpiece, mantel",
IL44B,the mantel,
IL45A,mantel,
IL45B,mantel,
IL46A,"a mantelpiece, a shelf",
IL46B,"the mantel, shelf",
IL46C,a mantel,
IL46D,a mantelpiece,on wall
IL47A,a mantel,
IL47B,mantel,
IL48A,"shelf, mantel",
IL48B,a mantel,
IL49A,mantelpiece,
IL49B,a mantel,
IL50A,mantelpiece,
IL50B,mantel,
IL50C,mantel,
IL51A,a mantel,large
IL51B,mantelpiece,
IL52A,mantel,
IL52B,mantel,
IL53A,mantelpiece,
IL53B,the mantel,
IL54,"the mantelpiece, mantelpiece, mantel",
IL55A,"mantel, mantels, mantelpieces",
IL55B,a mantel,
IL55C,the mantel,
IL56A,a mantel,
IL56B,mantel,
IL57,NR,
IL58A,fire hoard,even stress
IL58B,the mantel,
IL58C,mantel,
IN1A,shelf above the fireplace,
IN1B,a shelf,
IN2A,shelf,
IN2B,mantel,
IN3A,NR,
IN3B,mantel,
IN4A,mantel,
IN4B,mantel,
IN5,"mantel, shelf",
IN6A,mantel,
IN6B,mantel,
IN6C,mantel,
IN7A,mantelboard,
IN7B,"mantelpiece, shelf",
IN7C,mantel,
IN8A,mantel,
IN8B,mantel,
IN8C,mantel,
IN8D,mantel,
IN8E,mantel,
IN9A,NR,
IN9B,mantel,
IN9C,mantel,
IN9D,mantel,
IN10A,mantel,
IN10B,mantel,lenient
IN10C,mantel,
IN11A,mantel,
IN11B,mantel,
IN12A,mantel,
IN12B,NR,264.8
IN12C,mantel,
IN12D,mantel,
IN12E,mantel,
IN13A,mantel,
IN13B,mantel,
IN13C,missing,
IN13D,mantel,
IN13E,NR,
IN14A,mantel,
IN14B,NR,
IN14C,the mantel,
IN15A,mantel,
IN15B,mantel,
IN15C,mantel,
IN16A,the mantelpiece,
IN16B,mantel,
IN16C,mantel,
IN17A,mantelpiece,
IN17B,fire board,
IN18A,fire board,
IN18B,mantel,
IN19A,mantel,
IN19B,mantel,
IN20A,mantel,
IN20B,mantel,
IN21A,mantel,
IN21B,mantel,
IN22A,"mantel, fire board",mantel: his
IN22B,mantel,
IN22C,mantel,
IN23A,mantel,
IN23B,mantel,
IN24A,mantel,
IN24B,mantel,
IN25A,"mantel, mantelpiece",
IN25B,"mantel, mantels, mantelpiece, fire board, clock shelf",fire board: natural
IN25C,NR,
IN26A,mantel,
IN26B,mantel,
IN26C,mantel,
IN27A,"mantel, fire board",
IN27B,mantel,
IN27C,mantel,
IN28A,mantel,
IN28B,mantel,
IN28C,mantel,
IN29A,NR,
IN29B,mantel,
IN29C,mantel,
IN29D,mantel,
IN30,mantel,
KY1A,mantel,
KY1B,mantel,
KY1C,a mantel,
KY2A,mantel,"since the [IPA] is reduced, the [IPA] sounds like an [IPA] glide"
KY2B,mantel,
KY3A,fire board,
KY3B,mantel,
KY4,mantelpiece,
KY5A,mantelboard,"""what did you call the board above…"""
KY5B,mantel,
KY6A,mantel,
KY6B,mantel,
KY7AA,mantel,
KY7B,"mantelpiece, mantels",
KY7BA,mantel,
KY7C,mantel,
KY7D,mantel,
KY7F,mantel,
KY7NA,"mantel, shelf",
KY7NE,mantel,whole
KY8A,the mantel,"clock, etc, looking glasses"
KY8B,mantelpiece,
KY8C,mantelpiece,
KY9A,mantel,
KY9B,mantel,
KY9C,mantel,
KY10A,"fire board, mantel",
KY10B,the mantel,
KY11A,mantel,
KY11B,mantel,
KY12A,"the mantel, mantelpiece",
KY12B,a fire board,
KY12C,fire board,above
KY12D,"the mantel, fire board",fire board: wood or stone
KY13A,a mantel,
KY13B,"mantel, fire board",
KY14A,mantel,
KY14B,mantel,
KY15,mantelpiece,
KY16A,mantel,newer term
KY16B,mantel,
KY16C,mantel,
KY17B,the mantel,
KY17C,mantelpiece,
KY17D,mantel,
KY17E,"mantelpiece, mantel",mantel piece: whole; mantel: shelf
KY17F,mantel,
KY17NA,mantelpiece,
KY18A,fire board,
KY18B,mantel,
KY18C,the mantel,
KY19A,mantel,
KY19B,mantel,"2 holes, board on top"
KY19C,mantelpiece,
KY19D,the mantelpiece,big
KY20A,"a mantel, a fire board",
KY20B,"the mantel, fire board",
KY21A,"fire board, mantels",
KY21B,"mantel, fire board, ash rock",
KY21C,a mantel,no other
KY22A,mantel,conversational
KY22B,a mantel,
KY22C,mantel,
KY23A,a mantel,over fireplace
KY23B,a mantel,
KY24A,a mantelboard,clocks
KY24B,mantel,"clocks, lamps etc"
KY24C,mantel,
KY24D,mantel,
KY25A,mantel,
KY25B,mantel,
KY26A,mantel,
KY26B,"mantel, mantelboard",
KY27A,fire board,pegged in
KY27B,"a fire board, mantel",
KY28A,a mantelboard,to set brass lamps on
KY28B,"mantel, the shelf, fire shelf, fire board",pegs
KY28C,"a fire board, mantel",
KY29A,"a fire board, mantel",mantel: now
KY29B,mantelpiece,
KY30A,fire board,
KY30B,"mantels, fire board",
KY30C,mantelpiece,
KY30D,"a board, board, fire board",
KY30E,"a shelf, mantel, fire board",
KY31A,a fire board,
KY31B,"fire board, clock shelf",
KY31C,"a fire board, punchen",
KY31D,"fire board, mantel",
KY32,fire board,
KY33A,fire board,
KY33B,mantel,
KY33C,"fire board, mantel",mantel: now
KY34A,"a mantel, a fire board",lamp
KY34B,"fire board, clock shelf, medicine shelf",
KY34C,"fire board, mantel",
MA1,mantel,
MA2,mantelpiece,
MA3,mantel,
MA4,mantel,
MA5,mantel,
MA6,mantel,
MA7,"mantel, mantelshelf, shelf",
MA8,"the mantel, shelf",
MA9,mantel,
MA10,"shelf, mantel",
MA12,"mantel, shelf","mantel: entire wood arch, syllabic division; shelf: on top"
MA13,mantelpiece,
MA14,mantel,
MA15,"mantel, mantelpiece",mantel piece: old timers used to call it that
MA16,mantelshelf,
MA21,mantel,"I guess, isn't it? Thinks mantel refers to shelf"
MA22,"mantel, mantelpiece",both used in boyhood home
MA24,"mantelshelf, chimley",chimley: on a house only
MA25,mantelshelf,
MA26,"mantelpiece, mantel",
MA27,mantelpiece,
MA28,shelf,
MA29,mantelpiece,
MA35,"mantel, mantelpiece","also refers to a separate shelf, bracketed on wall, not connected with a fireplace"
MA36,mantel,mantel: just the shelf
MA37,mantelshelf,
MA38,mantel,
MA45,mantelpiece,the wood shelf
MA46,mantel,
MA47,mantelpiece,
MA52,"shelf, mantel",mantel: taught to say
MA54,mantel,
MA55,mantel,
MA56,mantel,
MA57,mantelpiece,
MA58,missing,
MA59,"mantel, mantelshelf",mantel shelf: older word
MA61,missing,
MA70,mantel,
MA72,mantel,
MA73,"mantel, mantel tree piece",has heard mantel tree piece [last syllable without stress]
MA74,mantelpiece,
MA79,mantelpiece,
MA80,mantel,
MA81,mantelshelf,
MA82,mantel,
MA89,mantel,
MA90,mantelpiece,suggested
MA91,mantel,
MA93,mantelpiece,
MA94,mantel,
MA95,mantelpiece,
MA96,mantel,
MA97,"mantel, mantelpiece, shelf","we used to say shelf, but this might be over the stove too"
MA102,"mantel, chimney piece","mantel: also used, but not so often by the informant"
MA104,shelf,
MA105,"shelf, mantel","shelf: alone; mantel: Burgess defines mantel is whole thing altogether, shelf, sides, etc, said by daughter"
MA106,mantelpiece,
MA107,mantel,spells m-a-n-t-e-l
MA108,mantelpiece,
MA119,mantelshelf,
MA120,mantel,
MA123,mantelpiece,
MA124,mantel,
MA125,missing,
MA127,mantel,
MA135,mantelpiece,
MA136,mantelpiece,
MA137,shelf,
MA140,mantel,
MA141,mantelpiece,
MA145,mantel,
MA146,mantel,
MA147,mantelshelf,
MA148,mantelshelf,
MA149,mantel,
MA150,mantel,
MA151,mantel,
MA152,mantel,
MA153,"mantel, mantelpiece",mantel piece suggested
MA154,the mantelshelf,
MA155,"mantelshelf, mantel",mantel conversational
MA185,"mantel, mantelshelf",
MA186,mantel,
MA200,mantelpiece,
MA201,mantel,
MA202,mantelpiece,
MA203,mantel,
MA204,mantel,
MA207,mantel,
MA208,mantelshelf,
MA211,missing,
MA235,"mantel, mantelpiece",
MA255,"shelf, mantelpiece","shelf: in kitchen; mantel piece: suggested, always called shelf in back of stove in living room"
MA258,mantel,
MA273,"shelf, mantel, mantelpiece","shelf: usual, shelf by the chimney"
MA274,"mantel, mantelpiece","over fireplace; mantel piece: suggested, in parlor mantel: over stove, generally of marble"
MA284,mantel,
MA285,mantel,
MA289,"mantelpiece, the shelf, mantel",might say the shelf
MA291,mantel,
MA313,"mantelshelf, mantelpiece",
MA318,mantel,
MA319,mantel,
MA320,"mantel, shelf",used to say shelf
MA321,mantelpiece,
MA322,mantel,
MA325,"mantelpiece, shelf",use mantel piece
MA326,shelf,"doesn't use mantel, to her mantel is a shelf not over a fire place"
MA344,"mantelpiece, mantel, clock shelf",mantel piece: sometimes tin used to bake biscuits; clock shelf: in the house
MA349,"mantelshelf, mantelpiece",
MA350,"mantelshelf, mantel",
MA372,mantelpiece,
MA388,"mantelpiece, mantelshelf",
MA389,mantelpiece,
MA390,mantelpiece,
MA391,NR,
MA392,"mantel, mantelshelf, mantelpiece",
MA393,mantelpiece,
MA394,mantelpiece,
MA395,"mantelshelf, mantelpiece",
MA396,mantelpiece,
MA397,mantel,
MA398,"shelf, mantelpiece","INT: wouldn't call it mantel piece, would you? INF: oh no, that's a mantel piece (indicating a shelf on the wall with nothing under it"
MA399,"mantel, mantelpiece",[snow's?] definitiion was probably a slip
MA402,mantelpiece,
MA403,mantel,
MA404,mantelpiece,
MA409,"shelf, mantelpiece",
MA410,"mantel, mantelpiece",mantel piece for fireplace
MA411,"mantel, mantelpiece",
MA416,mantelpiece,
MA420,mantelpiece,
MA421,mantel,
MA423,"mantelpiece, shelf",shelf: commoner
MA424,mantel,
MA425,"mantel, clock shelf","if not over fire place, clock shelf"
MA426,"mantelpiece, mantelshelf",
MA427,"mantelshelf, mantel, shelf, mantelpiece","mantel piece: in old houses, built in to wood-work in one piece"
MA428,"mantel, mantelpiece, mantelshelf",mantel piece: usually; mantel shelf: in the older days
MA429,mantelpiece,
ME49,"mantel, mantelpiece",mantel piece: older
ME53,mantel,
ME64,mantel,
ME66,mantelpiece,
ME76,"mantelshelf, mantelpiece",mantel piece: older
ME77,"mantelpiece, mantel",
ME78,mantelpiece,
ME83,"mantelpiece, mantel","mantel: natural, from conversation"
ME84,mantelpiece,
ME85,missing,
ME86,missing,
ME87,mantelpiece,
ME88,mantelpiece,
ME131,"shelf, mantelpiece",some say mantel piece
ME221,mantelpiece,
ME222,mantel,
ME225,"shelf, mantel",
ME226,"mantel, shelf",shelf: older
ME227,"shelf, mantel",shelf: old; mantel: modern
ME228,"mantel, shelf",mantel: old
ME229,"mantel, shelf",
ME230,mantelpiece,
ME246,"mantel, mantelshelf",
ME247,mantelpiece,
ME248,NR,
ME249,mantelpiece,
ME250,"fire shelf, mantelpiece","fire shelf: heard once from Windham, ME; mantel piece: natural"
ME251,"mantel, mantelpiece",mantel: n longish; mantel piece: older
ME252,mantelpiece,
ME253,mantelpiece,
ME267,"mantelpiece, iron shelf",
ME268,mantelshelf,
ME269,mantel,
ME270,mantelpiece,
ME271,mantelpiece,
ME272,mantelpiece,
ME292,mantelpiece,
ME293,mantelpiece,
ME294,mantelpiece,
ME295,"mantel, mantelpiece","mantel piece: suggested, old, heard"
ME296,mantel,
ME297,"shelf, mantel, mantelpiece","mantel piece: suggested, old, heard"
ME298,"mantel, mantelpiece",mantel piece: usual
ME299,"mantelshelf, mantelpiece",
ME300,mantelpiece,
ME301,"mantel, mantelpiece",
ME302,"mantel, mantelpiece",
ME303,mantelpiece,
ME304,mantelpiece,
ME305,"mantel, mantelpiece",
ME306,"mantelpiece, chimney piece","chimney piece: old, heard"
ME308,"mantel, mantelpiece",mantel piece: natural
ME309,"mantel, mantelpiece",
ME310,mantelpiece,
ME311,mantelpiece,
ME312,mantelpiece,
ME327,"mantel, mantelshelf, mantelpiece",
ME328,mantelpiece,
ME329,"mantel, mantelshelf",
ME330,"mantel, mantelpiece",
ME331,mantelpiece,
ME332,"mantelpiece, mantelshelf",mantel piece: commonly
ME333,mantel,
ME358,missing,
ME359,mantel,
ME360,mantelpiece,
ME361,"mantel, mantelpiece",
ME362,missing,
ME363,mantel,
ME364,mantel,
ME365,missing,
ME366,"mantel, mantelpiece",
ME367,mantelpiece,
ME368,mantelpiece,
ME377,mantelpiece,
ME379,mantelpiece,
ME380,"mantel, mantelpiece",
MI1A,mantel,
MI1B,a shelf,
MI2A,a shelf,
MI2B,"a mantel, mantel clock, a little shelf, what not",what not: for wall clocks; a little shelf: for kitchen clock
MI2C,a shelf,
MI3A,shelf,
MI3B,a little shelf,
MI4A,shelf,
MI4B,"a shelf, clock shelf",
MI5A,mantel,
MI5B,"mantel, cupboard",cupboard: for kitchen; mantel: over fireplace
MI5C,mantel,
MI6A,"shelves, clock shelf",
MI6B,mantel clock,
MI6C,"a shelf, clock shelf",
MI7A,clock shelf,
MI7B,"a shelf, clock shelf",
MI8A,a shelf,
MI8B,kitchen cabinet,clock sat on
MI9A,clock shelf,used to be mostly in kitchen
MI9B,"a shelf, clock shelf",
MI9C,"mantel, a shelf, clock shelf",
MI9D,"mantel, fire board",fire board: New England
MI10A,NR,no open fireplaces
MI10B,clock shelf,no open fireplaces
MI10C,a clock shelf,with brackets on wall
MI11A,"mantelshelf, shelf, clock shelf",shelf: on wall
MI11B,a clock shelf,"no open fireplaces; 1' wode, 2' or less long, on brackets"
MI12A,"a mantel, a shelf, clock shelf",
MI12B,mantel,in dining room
MI13A,shelf,
MI13B,mantel,
MI14A,"a shelf, clock shelf",clock shelf: on wall
MI14B,clock shelf,
MI14C,"a shelf, a mental, clock shelf",
MI15A,"a shelf, clock shelf",clocks
MI15B,"a mantel, a shelf",only a shelf
MI16A,NR,no fireplaces
MI16B,mantelpiece,for ornament
MI16C,mantel,
MI17A,shelf,
MI17B,"a shelf, shelf",
MI18A,"a shelf, clock shelves",
MI18B,"a mantel, a mantelshelf",
MI19,mantel,
MI20A,mantel,
MI20B,the mantel,
MI21A,"shelf, mantel",
MI21B,"a little shelf, clock shelf",
MI21C,a shelf,
MI22,NR,
MI23A,"mantel, a shelf",a shelf in front
MI23B,mantel,
MI23C,NR,no open fireplaces
MI24A,"a mantel, a shelf",a shelf on wall
MI24B,"mantel, mantelshelf, clock shelf",
MI24C,"mantel, a shelf","a shelf in corner, for clock"
MI24D,"a shelf, what nots, clock shelf",a shelf = mantel; what nots: 4-5 shelves; clock shelf: 2.5'-3' long
MI25A,mantel,conversationals
MI25B,"mantel, clock shelf",mantel; clock shelf: in kitchen
MI26A,shelf,steeple clock
MI26B,"mantel, clock shelf",
MI27A,shelf,above it
MI27B,a shelf,
MI28A,mantel,
MI28B,mantel,
MI29A,"the mantel, a bracket, clock shelf",
MI29B,"mantel, clock shelf",mantel: over fireplace
MI29C,"mantel, shelf, clock shelf",shelf: in kitchen
MI29D,mantel,
MI29E,mantel,
MI30A,mantel,suggested
MI30B,mantel,weak final
NH48,mantelpiece,
NH50,mantelpiece,
NH51,"shelf, mantel",mantel: sometimes
NH63,mantelpiece,
NH67,mantel,
NH68,mantelpiece,careful
NH75,mantel,
NH100,"mantel, mantelshelf",
NH101,mantel,
NH117,"mantel, mantelpiece",mantel piece: is the old term we should call it
NH118,"mantel, shelf",shelf: rare
NH128,mantelpiece,
NH129,mantel,
NH130,mantel,
NH132,"shelf, mantel",shelf: over fireplace; mantel: at side of room
NH144,mantelpiece,
NH156,mantel,
NH157,mantelshelf,
NH158,mantelpiece,
NH159,mantel,
NH163,"mantel, mantelshelf",
NH164,"mantel, mantelpiece",
NH165,"fireplace shelf, mantelshelf","mantel shelf: older, suggested"
NH166,"mantel, mantelshelf",mantel shelf: older
NH167,mantel,
NH170,mantel,
NH171,mantelpiece,
NH172,mantel,
NH173,mantelpiece,
NH174,"chimney shelf, chimney piece, mantelpiece",mantel piece: suggested
NH175,mantel,
NH176,"mantel, shelf",
NH177,mantel,
NH178,mantelpiece,
NH179,mantelshelf,
NH180,mantel,
NH181,mantel,
NH219,mantel,
NH220,"mantelpiece, shelf",
NH223,mantelpiece,
NH224,"mantel, shelf",mantel: old; shelf: new
NH334,mantelpiece,
NH335,"mantel, mantelshelf",
NH336,mantel,
NH352,mantelpiece,
NH353,mantel,
NH354,mantel,
NH355,"fire shelf, mantelpiece",fire shelf: lower one; mantel piece: upper
NH356,mantelpiece,
NH357,mantelpiece,
NH374,NR,doesn't know about fireplaces
NH375,missing,
NH376,mantel,
NY412,mantelpiece,
NY413,"mantel, mantelpiece",
NY414,mantelpiece,
NY415,"mantel, mantelpiece",
OH1A,mantelpiece,
OH1B,mantel,
OH1C,mantel,
OH2A,mantel,
OH2B,mantel,
OH3A,mantel,
OH3B,mantelshelf,
OH4A,mantel,
OH4B,mantel,
OH5A,mantelpiece,
OH5B,mantelpiece,
OH5C,mantel,
OH6A,mantelpiece,
OH6B,mantel,
OH7A,mantel,
OH7B,mantel,
OH8A,mantelpiece,
OH8B,mantelpiece,
OH8C,mantelpiece,
OH8D,mantelpiece,
OH8E,mantelpiece,
OH9A,mantel,
OH9B,mantel,
OH9C,mantel,
OH9D,mantel,
OH10A,mantel,
OH10B,mantel,
OH11A,mantel,
OH11B,mantelpiece,
OH12A,mantel,
OH12B,mantelboard,
OH12C,mantel,
OH12D,mantel,
OH13A,"a shelf, clock shelf",
OH13B,mantel,
OH14A,mantel,
OH14B,the mantel,
OH15A,mantel,
OH15B,mantel,
OH16A,"mantel, clock shelf",
OH16B,a mantel,
OH16C,mantel,
OH17A,mantel,
OH17B,mantel,
OH17C,mantel,
OH17D,mantel,
OH18A,mantel,
OH18B,mantel,
OH18C,mantel,
OH19A,a mantel,
OH19B,a single shelf,mantel or clock on
OH19C,a mantelboard,
OH20A,mantel,
OH20B,mantel,
OH21A,mantels,
OH21B,mantel,
OH21C,a mantel,
OH21D,mantel,
OH22A,"mantel, mantels",
OH22B,mantel,
OH23A,a mantel,
OH23B,"mantelpiece, clock shelf",leave the piece off
OH23C,mantel,
OH24A,mantel,
OH24B,mantel,
OH25,mantels,
OH26A,mantel,
OH26B,mantelpiece,
OH27A,mantel,
OH27B,mantel,
OH28A,"mantelpiece, mantel",this
OH28B,mantel,
OH28C,"mantelpiece, mantel",
OH29A,mantel,crane to hand pots on
OH29B,mantel,
OH30A,mantel,
OH30B,mantel,
OH31A,mantel,
OH31B,mantel,
OH31C,mantel,
OH32A,mantel,
OH32B,mantel,
OH32C,mantel,
OH32D,mantel,
OH33A,NR,
OH33B,mantel,
OH34A,the mantel,
OH34B,"the shelf, the mantel",
OH34C,the mantel,only name
OH34D,mantel,
OH35A,mantel,
OH35B,mantel,
OH36A,mantel,
OH36B,"the mantel, mantel",
OH37A,mantel,
OH37B,mantel,
OH37C,mantel,
OH37D,the mantel,
OH37E,mantel,
OH37F,"mantelpiece, mantel",
OH37G,mantel,
OH38A,a mantel,
OH38B,"a mantel, a shelf, mantelpiece",a shelf a crane in it
OH39A,mantel,"shelf for clock, brass clock, to distinguish from grandfather clock, which had wooden wheels. Nasal in mantel may be [IPA]"
OH39B,mantel,crane: to hang pots on
RI11,"mantel, shelf",mantel: over a fireplace; shelf: anywhere
RI17,"mantel, shelf",shelf: old-fashioned word
RI18,mantel,suggested by husband
RI19,"shelf, mantel, mantelshelf",
RI20,mantel,
RI23,"mantel, mantelpiece",
RI44,"shelf, mantel","suggested mantel, Mr. M wouldn't use word"
RI71,mantel,
RI110,"mantel, shelf above",
RI111,mantel,
RI114,"mantel, mantelpiece",mantel piece: suggested
RI115,mantelpiece,
RI116,mantelpiece,
RI121,mantel,I can recollect
RI122,mantelpiece,
RI134,mantelpiece,
RI138,mantel,
RI143,mantelpiece,set it on the hearth
RI161,"mantel, mantelpiece, mantel tree piece, the mantel, mantelshelf","mantel piece: we used to say; mantel tree piece: oldest form, old aunt said [mantel shelf]"
RI194,"mantelpiece, jams",jams: side of fire place
RI259,mantelpiece,
RI288,"mantel, shelf",shelf in kitchen
RI290,"mantel, mantelpiece, mantelshelf",mantel: older; mantel piece: usual
RI342,"a shelf, mantelpiece","a shelf in the closet or back hall; mantel piece: more natural, put canned goods on"
VT31,"mantel tree, mantelpiece",mantel tree: of stone over fireplace; mantel piece: of board
VT42,mantel,
VT98,"mantel, mantelshelf","probably different, parts of the whole"
VT99,mantel,strong plosive
VT162,mantel,
VT168,"mantel, leesel",leesel: older
VT169,mantelpiece,
VT182,"mantel, mantelpiece",
VT212,mantel,
VT213,mantel,
VT214,mantel,
VT231,shelf,
VT232,mantelpiece,
VT236,NR,not really familiar with fireplaces
VT237,NR,no fireplaces used here
VT238,mantel,
VT239,mantel,
VT240,"mantel, shelf",
VT241,"mantelpiece, mantel",
VT242,shelf,
VT243,mantel,
VT244,clock shelf,"is very similar, but not over a fireplace"
VT245,mantel,suggested by wife
VT256,mantelpiece,
VT257,mantelshelf,
VT263,mantel,
VT264,mantel,suggested
VT265,mantel,response to 8.2 b
VT275,mantelpiece,
VT276,mantel,
VT277,mantelpiece,
VT278,mantel,
VT279,missing,
VT280,mantel,
VT281,mantelpiece,
VT314,mantel,
VT315,mantel,
VT316,mantel,
VT317,mantel,
VT323,mantel,
VT324,mantel,
VT337,mantelshelf,
VT338,"mantel, mantelpiece",
VT339,mantel,
VT340,mantelpiece,
VT341,"mantel, mantelshelf",
VT343,mantelshelf,
VT345,mantelshelf,
VT346,mantelpiece,
VT347,mantel,
VT348,mantel,
VT351,"shelf, mantelpiece",mantel piece: rare
WI1A,NR,"no fireplaces used here in early days except in a very few houses - then, mostly for show. These terms are heard not known from experience. Had wood stove and backs"
WI1B,mantel,no fireplaces used here
WI2A,mantel,
WI2B,mantel,
WI3A,NR,"no fireplaces, early in this settlement; stove only"
WI3B,mantel,
WI4A,NR,doesn't know about fireplaces; none in his early days; only stoves
WI4B,NR,no fireplaces here
WI5A,NR,fireplaces unfamiliar; mostly stoves used
WI5B,mantel,"informant remembers fireplaces being in some old houses, but [hearth] is the only term he remembers"
WI5C,shelf,informant says he clearly remembers fireplaces in some early houses but couldn't think of names for parts
WI6A,NR,doesn't remember names of parts for fireplaces
WI6B,mantel,
WI7A,NR,
WI7B,NR,
WI8A,NR,"didn't have fireplaces, doesn't know terms"
WI8B,NR,doesn't know about fireplaces; had only stoves
WI9A,NR,"no early fireplaces hereabouts, knows none of the terms"
WI9B,mantel,"terms from reading, not experience"
WI10A,NR,no fireplaces at all in this section of the country
WI10B,NR,"had no fireplaces, knows no terms"
WI11A,NR,"remembers only one fireplace, but not names for parts"
WI11B,mantel,there were fireplaces in older houses but informant never built a fire in one doesn't know parts well knows the word [andirons] as a modern one early fireplaces didn't use them
WI12A,NR,"only 1 fireplace in settlement, doesn't know names of parts"
WI12B,mantel,never lived in a house with a fireplace
WI13A,NR,no fireplace in the earliest houses hereabout; knows of terms
WI13B,mantel,"a shelf with nothing underneath since there was no fireplace; made by her father, of wood, painted to imitate marble; at fireplace mantel height"
WI14A,mantel,informant not well acquainted with fireplaces
WI14B,mantel,
WI15A,mantelpiece,
WI15B,NR,can remember that one or two other houses in the settlement were known to have fireplaces. Doesn't know terms for parts
WI16A,NR,"fireplaces in old houses have had no shelf above; no andirons. Draft below wood was achieved by having a depression in stone floor of fireplace. Some of brick some of stones (former made locally). Pots were put on an iron-barred platform something like a saw-horse, which could be take out or put in at will. firewood below this. front of fireplace flush with inside wall, back built out beyonf outer wall of house. 4' wide or so, 4' high, 3' deep"
WI16B,NR,
WI17B,mantelpiece,full width of fireplace
WI17NA,"mantelpiece, crane",crane [pic]
WI18A,mantelpiece,
WI18B,mantel,
WI19A,warming oven,above stoves there was a warming oven
WI19B,NR,"fireplaces were before informant's time; doesn't know terms; used stove [IPA], square, cast iron, 18'x24'"
WI20,"mantel, mantelpiece","[l] in mantel not dark, mantel piece suggested"
WI21A,mantel,
WI21B,mantel,used now
WI22A,NR,didn't have fireplace around here; unacquainted with terms for parts
WI22B,"mantel, mantelshelf",
WI23A,NR,no fireplace - only stoves
WI23B,NR,no fireplaces in the colony. Doesn't know terms used only stoves
WI24A,mantel,
WI24B,NR,had no fireplaces doesn't know terms
WI25A,mantel,
WI25B,NR,no fireplaces in even earliest houses hereabouts - only stoves doesn't know terms
WI26A,mantelpiece,
WI26B,NR,doesn't know a thing about them [fireplaces]